-- {{ jinsu add 2019/1/30-- 主题数据INSERT INTO `monitor_biz_theme` (`theme_id`, `theme_code`, `object_type`, `object_id`, `index_name`, `value_type`, `up_type`, `up_status`, `last_up_value`, `last_up_time`, `up_switch`, `status`, `create_time`, `last_fail_time`, `interval`, `dim_ids`, `theme_name`, `log_reg`, `log_content`, `update_time`, `delete_flag`) VALUES ('2512b97b-a988-427b-84d2-59ef60a27fa2', 'AITYYPT012512b97b-a988-427b-84d2-59ef60a27fa2', '2', 'GGCSQ', 'mirror-theme-2512b97b-a988-427b-84d2-59ef60a27fa2', NULL, '0', '0', '2018120312000AITYYPT012512b97ba988427b84d259ef60a27fa2|2018120312|000|全国|435238.0|435238.0', '2018-12-03 12:00:00', '0', '0', '2019-01-15 16:41:24', NULL, 1440, NULL, '软探针小时指标', '%{GREEDYDATA:id}\\|%{CUSTOMWORD:calc_date}\\|%{CUSTOMWORD:province_code}\\|%{CUSTOMWORD:province_name}\\|%{GREEDYDATA:today_programuser}\\|%{GREEDYDATA:prev_programuser}', '20190115|010|北京|11|11|11', '2019-01-29 15:01:15', '0');INSERT INTO `monitor_biz_theme` (`theme_id`, `theme_code`, `object_type`, `object_id`, `index_name`, `value_type`, `up_type`, `up_status`, `last_up_value`, `last_up_time`, `up_switch`, `status`, `create_time`, `last_fail_time`, `interval`, `dim_ids`, `theme_name`, `log_reg`, `log_content`, `update_time`, `delete_flag`) VALUES ('8f01a1bc-6e4c-43e3-a585-63c772395a9b', 'AITYYPT018f01a1bc-6e4c-43e3-a585-63c772395a9b', '2', 'GGCSQ', 'mirror-theme-8f01a1bc-6e4c-43e3-a585-63c772395a9b', NULL, '0', '0', '2018120300000AITYYPT018f01a1bc6e4c43e3a58563c772395a9b|2018120300|000|全国|435238.0|98.539754|0.0|99.162971|60.919746|39.080254|92.679065|7.320935', '2018-12-03 12:00:00', '0', '0', '2019-01-15 16:47:18', '2019-01-30 11:33:28', NULL, NULL, '软探针实时指标', '%{GREEDYDATA:id}\\|%{CUSTOMWORD:calc_date}\\|%{CUSTOMWORD:province_code}\\|%{CUSTOMWORD:province_name}\\|%{GREEDYDATA:today_programuser}\\|%{GREEDYDATA:epg_success_rate}\\|%{GREEDYDATA:no_screen_blurred_rate}\\|%{GREEDYDATA:play_success_rate}\\|%{GREEDYDATA:vod_program_user_rate}\\|%{GREEDYDATA:live_program_user_rate}\\|%{GREEDYDATA:wire_line_user}\\|%{GREEDYDATA:no_wire_line_user}', '20190115|010|北京|1|1|1|1|1|1|1|1|1', '2019-01-28 15:49:37', '0');INSERT INTO `monitor_biz_theme` (`theme_id`, `theme_code`, `object_type`, `object_id`, `index_name`, `value_type`, `up_type`, `up_status`, `last_up_value`, `last_up_time`, `up_switch`, `status`, `create_time`, `last_fail_time`, `interval`, `dim_ids`, `theme_name`, `log_reg`, `log_content`, `update_time`, `delete_flag`) VALUES ('a5c4114a-9d47-48b6-8819-946e5b3cf51a', 'AITYYPT01a5c4114a-9d47-48b6-8819-946e5b3cf51a', '2', 'GGCSQ', 'mirror-theme-a5c4114a-9d47-48b6-8819-946e5b3cf51a', NULL, '0', '0', '20181203000AITYYPT01a5c4114a9d4748b68819946e5b3cf51a|20181203|000|全国|908985.0|908985.0|908985.0|61.408027', '2018-12-03 00:00:00', '0', '0', '2019-01-15 16:33:53', NULL, 1440, NULL, '软探针日指标', '%{GREEDYDATA:id}\\|%{CUSTOMWORD:calc_date}\\|%{CUSTOMWORD:province_code}\\|%{CUSTOMWORD:province_name}\\|%{GREEDYDATA:totaluser}\\|%{GREEDYDATA:activeuser}\\|%{GREEDYDATA:activerate}\\|%{GREEDYDATA:coverRate}', '20190115|010|北京|1|1|1|1|111', '2019-01-21 17:25:42', '0');-- 维度数据INSERT INTO `monitor_biz_theme_dim` (`id`, `dim_name`, `dim_type`, `theme_id`, `dim_order`, `dim_reg`, `dim_code`, `match_flag`) VALUES (2011, 'ID', '2', 'a5c4114a-9d47-48b6-8819-946e5b3cf51a', 1, 'GREEDYDATA', 'id', '1');INSERT INTO `monitor_biz_theme_dim` (`id`, `dim_name`, `dim_type`, `theme_id`, `dim_order`, `dim_reg`, `dim_code`, `match_flag`) VALUES (2012, '', NULL, 'a5c4114a-9d47-48b6-8819-946e5b3cf51a', 2, '|', '', '2');INSERT INTO `monitor_biz_theme_dim` (`id`, `dim_name`, `dim_type`, `theme_id`, `dim_order`, `dim_reg`, `dim_code`, `match_flag`) VALUES (2013, '日期', '2', 'a5c4114a-9d47-48b6-8819-946e5b3cf51a', 3, 'CUSTOMWORD', 'calc_date', '1');INSERT INTO `monitor_biz_theme_dim` (`id`, `dim_name`, `dim_type`, `theme_id`, `dim_order`, `dim_reg`, `dim_code`, `match_flag`) VALUES (2014, '', '2', 'a5c4114a-9d47-48b6-8819-946e5b3cf51a', 4, '|', '', '2');INSERT INTO `monitor_biz_theme_dim` (`id`, `dim_name`, `dim_type`, `theme_id`, `dim_order`, `dim_reg`, `dim_code`, `match_flag`) VALUES (2015, '省份编码', '2', 'a5c4114a-9d47-48b6-8819-946e5b3cf51a', 5, 'CUSTOMWORD', 'province_code', '1');INSERT INTO `monitor_biz_theme_dim` (`id`, `dim_name`, `dim_type`, `theme_id`, `dim_order`, `dim_reg`, `dim_code`, `match_flag`) VALUES (2016, '', NULL, 'a5c4114a-9d47-48b6-8819-946e5b3cf51a', 6, '|', '', '2');INSERT INTO `monitor_biz_theme_dim` (`id`, `dim_name`, `dim_type`, `theme_id`, `dim_order`, `dim_reg`, `dim_code`, `match_flag`) VALUES (2017, '省份名称', '2', 'a5c4114a-9d47-48b6-8819-946e5b3cf51a', 7, 'CUSTOMWORD', 'province_name', '1');INSERT INTO `monitor_biz_theme_dim` (`id`, `dim_name`, `dim_type`, `theme_id`, `dim_order`, `dim_reg`, `dim_code`, `match_flag`) VALUES (2018, '', NULL, 'a5c4114a-9d47-48b6-8819-946e5b3cf51a', 8, '|', '', '2');INSERT INTO `monitor_biz_theme_dim` (`id`, `dim_name`, `dim_type`, `theme_id`, `dim_order`, `dim_reg`, `dim_code`, `match_flag`) VALUES (2019, '软探针累计量（日）（万）', '2', 'a5c4114a-9d47-48b6-8819-946e5b3cf51a', 9, 'GREEDYDATA', 'totaluser', '1');INSERT INTO `monitor_biz_theme_dim` (`id`, `dim_name`, `dim_type`, `theme_id`, `dim_order`, `dim_reg`, `dim_code`, `match_flag`) VALUES (2020, '', NULL, 'a5c4114a-9d47-48b6-8819-946e5b3cf51a', 10, '|', '', '2');INSERT INTO `monitor_biz_theme_dim` (`id`, `dim_name`, `dim_type`, `theme_id`, `dim_order`, `dim_reg`, `dim_code`, `match_flag`) VALUES (2021, '软探针活跃量（日）（万）', '2', 'a5c4114a-9d47-48b6-8819-946e5b3cf51a', 11, 'GREEDYDATA', 'activeuser', '1');INSERT INTO `monitor_biz_theme_dim` (`id`, `dim_name`, `dim_type`, `theme_id`, `dim_order`, `dim_reg`, `dim_code`, `match_flag`) VALUES (2022, '', NULL, 'a5c4114a-9d47-48b6-8819-946e5b3cf51a', 12, '|', '', '2');INSERT INTO `monitor_biz_theme_dim` (`id`, `dim_name`, `dim_type`, `theme_id`, `dim_order`, `dim_reg`, `dim_code`, `match_flag`) VALUES (2023, '软探针活跃率（%）', '2', 'a5c4114a-9d47-48b6-8819-946e5b3cf51a', 13, 'GREEDYDATA', 'activerate', '1');INSERT INTO `monitor_biz_theme_dim` (`id`, `dim_name`, `dim_type`, `theme_id`, `dim_order`, `dim_reg`, `dim_code`, `match_flag`) VALUES (2024, '', NULL, 'a5c4114a-9d47-48b6-8819-946e5b3cf51a', 14, '|', '', '2');INSERT INTO `monitor_biz_theme_dim` (`id`, `dim_name`, `dim_type`, `theme_id`, `dim_order`, `dim_reg`, `dim_code`, `match_flag`) VALUES (2025, '软探针覆盖率（%）', '2', 'a5c4114a-9d47-48b6-8819-946e5b3cf51a', 15, 'GREEDYDATA', 'coverRate', '1');INSERT INTO `monitor_biz_theme_dim` (`id`, `dim_name`, `dim_type`, `theme_id`, `dim_order`, `dim_reg`, `dim_code`, `match_flag`) VALUES (2285, 'ID', '2', '8f01a1bc-6e4c-43e3-a585-63c772395a9b', 1, 'GREEDYDATA', 'id', '1');INSERT INTO `monitor_biz_theme_dim` (`id`, `dim_name`, `dim_type`, `theme_id`, `dim_order`, `dim_reg`, `dim_code`, `match_flag`) VALUES (2286, '', NULL, '8f01a1bc-6e4c-43e3-a585-63c772395a9b', 2, '|', '', '2');INSERT INTO `monitor_biz_theme_dim` (`id`, `dim_name`, `dim_type`, `theme_id`, `dim_order`, `dim_reg`, `dim_code`, `match_flag`) VALUES (2287, '日期', '2', '8f01a1bc-6e4c-43e3-a585-63c772395a9b', 3, 'CUSTOMWORD', 'calc_date', '1');INSERT INTO `monitor_biz_theme_dim` (`id`, `dim_name`, `dim_type`, `theme_id`, `dim_order`, `dim_reg`, `dim_code`, `match_flag`) VALUES (2288, '', NULL, '8f01a1bc-6e4c-43e3-a585-63c772395a9b', 4, '|', '', '2');INSERT INTO `monitor_biz_theme_dim` (`id`, `dim_name`, `dim_type`, `theme_id`, `dim_order`, `dim_reg`, `dim_code`, `match_flag`) VALUES (2289, '省份编码', '2', '8f01a1bc-6e4c-43e3-a585-63c772395a9b', 5, 'CUSTOMWORD', 'province_code', '1');INSERT INTO `monitor_biz_theme_dim` (`id`, `dim_name`, `dim_type`, `theme_id`, `dim_order`, `dim_reg`, `dim_code`, `match_flag`) VALUES (2290, '', NULL, '8f01a1bc-6e4c-43e3-a585-63c772395a9b', 6, '|', '', '2');INSERT INTO `monitor_biz_theme_dim` (`id`, `dim_name`, `dim_type`, `theme_id`, `dim_order`, `dim_reg`, `dim_code`, `match_flag`) VALUES (2291, '省份名称', '2', '8f01a1bc-6e4c-43e3-a585-63c772395a9b', 7, 'CUSTOMWORD', 'province_name', '1');INSERT INTO `monitor_biz_theme_dim` (`id`, `dim_name`, `dim_type`, `theme_id`, `dim_order`, `dim_reg`, `dim_code`, `match_flag`) VALUES (2292, '', NULL, '8f01a1bc-6e4c-43e3-a585-63c772395a9b', 8, '|', '', '2');INSERT INTO `monitor_biz_theme_dim` (`id`, `dim_name`, `dim_type`, `theme_id`, `dim_order`, `dim_reg`, `dim_code`, `match_flag`) VALUES (2293, '收视用户数（今日）（个）', '2', '8f01a1bc-6e4c-43e3-a585-63c772395a9b', 9, 'GREEDYDATA', 'today_programuser', '1');INSERT INTO `monitor_biz_theme_dim` (`id`, `dim_name`, `dim_type`, `theme_id`, `dim_order`, `dim_reg`, `dim_code`, `match_flag`) VALUES (2294, '', NULL, '8f01a1bc-6e4c-43e3-a585-63c772395a9b', 10, '|', '', '2');INSERT INTO `monitor_biz_theme_dim` (`id`, `dim_name`, `dim_type`, `theme_id`, `dim_order`, `dim_reg`, `dim_code`, `match_flag`) VALUES (2295, 'EPG成功率（%）', '2', '8f01a1bc-6e4c-43e3-a585-63c772395a9b', 11, 'GREEDYDATA', 'epg_success_rate', '1');INSERT INTO `monitor_biz_theme_dim` (`id`, `dim_name`, `dim_type`, `theme_id`, `dim_order`, `dim_reg`, `dim_code`, `match_flag`) VALUES (2296, '', NULL, '8f01a1bc-6e4c-43e3-a585-63c772395a9b', 12, '|', '', '2');INSERT INTO `monitor_biz_theme_dim` (`id`, `dim_name`, `dim_type`, `theme_id`, `dim_order`, `dim_reg`, `dim_code`, `match_flag`) VALUES (2297, '无卡顿/花屏时长占比（%）', '2', '8f01a1bc-6e4c-43e3-a585-63c772395a9b', 13, 'GREEDYDATA', 'no_screen_blurred_rate', '1');INSERT INTO `monitor_biz_theme_dim` (`id`, `dim_name`, `dim_type`, `theme_id`, `dim_order`, `dim_reg`, `dim_code`, `match_flag`) VALUES (2298, '', NULL, '8f01a1bc-6e4c-43e3-a585-63c772395a9b', 14, '|', '', '2');INSERT INTO `monitor_biz_theme_dim` (`id`, `dim_name`, `dim_type`, `theme_id`, `dim_order`, `dim_reg`, `dim_code`, `match_flag`) VALUES (2299, '播放成功率（%）', '2', '8f01a1bc-6e4c-43e3-a585-63c772395a9b', 15, 'GREEDYDATA', 'play_success_rate', '1');INSERT INTO `monitor_biz_theme_dim` (`id`, `dim_name`, `dim_type`, `theme_id`, `dim_order`, `dim_reg`, `dim_code`, `match_flag`) VALUES (2300, '', NULL, '8f01a1bc-6e4c-43e3-a585-63c772395a9b', 16, '|', '', '2');INSERT INTO `monitor_biz_theme_dim` (`id`, `dim_name`, `dim_type`, `theme_id`, `dim_order`, `dim_reg`, `dim_code`, `match_flag`) VALUES (2301, '点播用户占比（%）', '2', '8f01a1bc-6e4c-43e3-a585-63c772395a9b', 17, 'GREEDYDATA', 'vod_program_user_rate', '1');INSERT INTO `monitor_biz_theme_dim` (`id`, `dim_name`, `dim_type`, `theme_id`, `dim_order`, `dim_reg`, `dim_code`, `match_flag`) VALUES (2302, '', NULL, '8f01a1bc-6e4c-43e3-a585-63c772395a9b', 18, '|', '', '2');INSERT INTO `monitor_biz_theme_dim` (`id`, `dim_name`, `dim_type`, `theme_id`, `dim_order`, `dim_reg`, `dim_code`, `match_flag`) VALUES (2303, '直播用户占比（%）', '2', '8f01a1bc-6e4c-43e3-a585-63c772395a9b', 19, 'GREEDYDATA', 'live_program_user_rate', '1');INSERT INTO `monitor_biz_theme_dim` (`id`, `dim_name`, `dim_type`, `theme_id`, `dim_order`, `dim_reg`, `dim_code`, `match_flag`) VALUES (2304, '', NULL, '8f01a1bc-6e4c-43e3-a585-63c772395a9b', 20, '|', '', '2');INSERT INTO `monitor_biz_theme_dim` (`id`, `dim_name`, `dim_type`, `theme_id`, `dim_order`, `dim_reg`, `dim_code`, `match_flag`) VALUES (2305, '有线用户数（万）', '2', '8f01a1bc-6e4c-43e3-a585-63c772395a9b', 21, 'GREEDYDATA', 'wire_line_user', '1');INSERT INTO `monitor_biz_theme_dim` (`id`, `dim_name`, `dim_type`, `theme_id`, `dim_order`, `dim_reg`, `dim_code`, `match_flag`) VALUES (2306, '', NULL, '8f01a1bc-6e4c-43e3-a585-63c772395a9b', 22, '|', '', '2');INSERT INTO `monitor_biz_theme_dim` (`id`, `dim_name`, `dim_type`, `theme_id`, `dim_order`, `dim_reg`, `dim_code`, `match_flag`) VALUES (2307, '无线用户数（万）', '2', '8f01a1bc-6e4c-43e3-a585-63c772395a9b', 23, 'GREEDYDATA', 'no_wire_line_user', '1');INSERT INTO `monitor_biz_theme_dim` (`id`, `dim_name`, `dim_type`, `theme_id`, `dim_order`, `dim_reg`, `dim_code`, `match_flag`) VALUES (2348, 'ID', '2', '2512b97b-a988-427b-84d2-59ef60a27fa2', 3, 'GREEDYDATA', 'id', '1');INSERT INTO `monitor_biz_theme_dim` (`id`, `dim_name`, `dim_type`, `theme_id`, `dim_order`, `dim_reg`, `dim_code`, `match_flag`) VALUES (2349, '', NULL, '2512b97b-a988-427b-84d2-59ef60a27fa2', 4, '|', '', '2');INSERT INTO `monitor_biz_theme_dim` (`id`, `dim_name`, `dim_type`, `theme_id`, `dim_order`, `dim_reg`, `dim_code`, `match_flag`) VALUES (2350, '日期', '2', '2512b97b-a988-427b-84d2-59ef60a27fa2', 5, 'CUSTOMWORD', 'calc_date', '1');INSERT INTO `monitor_biz_theme_dim` (`id`, `dim_name`, `dim_type`, `theme_id`, `dim_order`, `dim_reg`, `dim_code`, `match_flag`) VALUES (2351, '', NULL, '2512b97b-a988-427b-84d2-59ef60a27fa2', 6, '|', '', '2');INSERT INTO `monitor_biz_theme_dim` (`id`, `dim_name`, `dim_type`, `theme_id`, `dim_order`, `dim_reg`, `dim_code`, `match_flag`) VALUES (2352, '省份编码', '2', '2512b97b-a988-427b-84d2-59ef60a27fa2', 7, 'CUSTOMWORD', 'province_code', '1');INSERT INTO `monitor_biz_theme_dim` (`id`, `dim_name`, `dim_type`, `theme_id`, `dim_order`, `dim_reg`, `dim_code`, `match_flag`) VALUES (2353, '', NULL, '2512b97b-a988-427b-84d2-59ef60a27fa2', 8, '|', '', '2');INSERT INTO `monitor_biz_theme_dim` (`id`, `dim_name`, `dim_type`, `theme_id`, `dim_order`, `dim_reg`, `dim_code`, `match_flag`) VALUES (2354, '省份名称', '2', '2512b97b-a988-427b-84d2-59ef60a27fa2', 9, 'CUSTOMWORD', 'province_name', '1');INSERT INTO `monitor_biz_theme_dim` (`id`, `dim_name`, `dim_type`, `theme_id`, `dim_order`, `dim_reg`, `dim_code`, `match_flag`) VALUES (2355, '', NULL, '2512b97b-a988-427b-84d2-59ef60a27fa2', 10, '|', '', '2');INSERT INTO `monitor_biz_theme_dim` (`id`, `dim_name`, `dim_type`, `theme_id`, `dim_order`, `dim_reg`, `dim_code`, `match_flag`) VALUES (2356, '收视用户数（今日）（个）', '2', '2512b97b-a988-427b-84d2-59ef60a27fa2', 11, 'GREEDYDATA', 'today_programuser', '1');INSERT INTO `monitor_biz_theme_dim` (`id`, `dim_name`, `dim_type`, `theme_id`, `dim_order`, `dim_reg`, `dim_code`, `match_flag`) VALUES (2357, '', NULL, '2512b97b-a988-427b-84d2-59ef60a27fa2', 12, '|', '', '2');INSERT INTO `monitor_biz_theme_dim` (`id`, `dim_name`, `dim_type`, `theme_id`, `dim_order`, `dim_reg`, `dim_code`, `match_flag`) VALUES (2358, '收视用户数（昨日）（个）', '2', '2512b97b-a988-427b-84d2-59ef60a27fa2', 13, 'GREEDYDATA', 'prev_programuser', '1');-- 模板数据INSERT INTO `monitor_template` (`template_id`, `name`, `description`, `create_time`, `type`, `update_time`, `fun_type`, `mon_type`, `status`, `sys_type`) VALUES ('237ed049-315a-4973-bbb3-7a8a54142a51', 'zhujuwangtest', '', '2019-01-16 14:38:42', '4', '2019-01-30 15:06:30', '1', '2', '1', 'THEME_CALC');INSERT INTO `monitor_template_object` (`template_object_id`, `template_id`, `object_type`, `object_id`) VALUES ('3cf1a419-4e36-42f6-874c-f1789abaf715', '237ed049-315a-4973-bbb3-7a8a54142a51', '2', 'GGCSQ');-- 指标数据INSERT INTO `monitor_items` (`item_id`, `name`, `type`, `template_id`, `key`, `delay`, `history`, `status`, `value_type`, `units`, `error`, `data_type`, `sys_type`, `calc_type`, `biz_index`, `biz_calc_obj`, `biz_calc_exp`, `biz_theme_id`, `biz_is_zero`, `cron`, `biz_group`, `biz_theme_exp`) VALUES ('53af561b-37f8-44fd-999e-4decd5d89bb7', '各省日收视用户数（万）', 'SCRIPT', '237ed049-315a-4973-bbb3-7a8a54142a51', '各省_概览_机顶盒_日_日_万_1', NULL, NULL, 'ON', '0', '', NULL, NULL, 'THEME_CALC', '3', 'mirror-theme-*', '[{"dataShow":false,"bizGroup":["calc_date","province_name"],"staticsName":"A","staticsType":0,"staticsField":"totaluser","field":[{"field":"province_code","fieldComparor":"0","fieldValue":"000"}],"date":[{"field":"@timestamp","dateComparor":"2","dateStaticsType":"3","dateOptionType":"","dateValue":"","dateInterval":""}]},{"dataShow":false,"bizGroup":["province_name"],"staticsName":"B","staticsType":0,"staticsField":"totaluser","field":[{"field":"province_code","fieldComparor":"0","fieldValue":"000"}],"date":[{"field":"@timestamp","dateComparor":"2","dateStaticsType":"3","dateOptionType":"1","dateValue":"1","dateInterval":"0"}]},{"dataShow":true,"bizGroup":["province_name"],"staticsName":"C","staticsType":4,"staticsField":"totaluser","field":[{"field":"province_code","fieldComparor":"0","fieldValue":"000"}],"date":[{"field":"@timestamp","dateComparor":"1","dateStaticsType":"3","dateOptionType":"0","dateValue":"1","dateInterval":"0"},{"field":"@timestamp","dateComparor":"0","dateStaticsType":"3","dateOptionType":"1","dateValue":"7","dateInterval":"0"}]}]', 'A', 'a5c4114a-9d47-48b6-8819-946e5b3cf51a', '1', NULL, '[{"name":"日期","code":"calc_date"},{"name":"省份名称","code":"province_name"}]', '[{"code":"userNum","name":"软探针累计量（日）（万）","type":"0","exp":"A"},{"code":"lastDayData","name":"前一天数据","type":"0","exp":"B"},{"code":"sevenAverage","name":"七日均值","type":"0","exp":"C"},{"code":"dayChangeValue","name":"逐日变动值","type":"0","exp":"A-B"},{"code":"dayChangeRate","name":"逐日变动率","type":"0","exp":"(A-B)/B"},{"code":"exceptionReason","name":"异常原因","type":"1","exp":"A>100?\'超过上限\':\'\';A<=0?\'低于下限\':\'\';A-B>10?\'超过变动值上限\':\'\';A-B<-10?\'低于变动值下限\':\'\'"}]');INSERT INTO `monitor_items` (`item_id`, `name`, `type`, `template_id`, `key`, `delay`, `history`, `status`, `value_type`, `units`, `error`, `data_type`, `sys_type`, `calc_type`, `biz_index`, `biz_calc_obj`, `biz_calc_exp`, `biz_theme_id`, `biz_is_zero`, `cron`, `biz_group`, `biz_theme_exp`) VALUES ('668f93fa-b65f-46b1-987c-bd78c1a50994', '各省日活跃用户数（万）', 'SCRIPT', '237ed049-315a-4973-bbb3-7a8a54142a51', '各省_概览_机顶盒_日_日_万_2', NULL, NULL, 'ON', '0', '', NULL, NULL, 'THEME_CALC', '3', 'mirror-theme-*', '[{"dataShow":false,"bizGroup":["calc_date","province_name"],"staticsName":"A","staticsType":0,"staticsField":"activeuser","field":[{"field":"province_code","fieldComparor":"0","fieldValue":"000"}],"date":[{"field":"@timestamp","dateComparor":"2","dateStaticsType":"3","dateOptionType":"","dateValue":"","dateInterval":""}]},{"dataShow":false,"bizGroup":["province_name"],"staticsName":"B","staticsType":0,"staticsField":"activeuser","field":[{"field":"province_code","fieldComparor":"0","fieldValue":"000"}],"date":[{"field":"@timestamp","dateComparor":"2","dateStaticsType":"3","dateOptionType":"1","dateValue":"1","dateInterval":"0"}]},{"dataShow":true,"bizGroup":["province_name"],"staticsName":"C","staticsType":4,"staticsField":"activeuser","field":[{"field":"province_code","fieldComparor":"0","fieldValue":"000"}],"date":[{"field":"@timestamp","dateComparor":"0","dateStaticsType":"3","dateOptionType":"1","dateValue":"7","dateInterval":"0"},{"field":"@timestamp","dateComparor":"1","dateStaticsType":"3","dateOptionType":"0","dateValue":"1","dateInterval":"0"}]}]', NULL, 'a5c4114a-9d47-48b6-8819-946e5b3cf51a', '1', NULL, '[{"name":"日期","code":"calc_date"},{"name":"省份名称","code":"province_name"}]', '[{"code":"rtz_item_value","name":"软探针活跃用量（个）","type":"0","exp":"A"},{"code":"prevItemValue","name":"前一天数据","type":"0","exp":"B"},{"code":"sevenAvgValue","name":"七日均值","type":"0","exp":"C"},{"code":"everyChangeValue","name":"逐日变动值","type":"0","exp":"A-B"},{"code":"everyChangeRate","name":"逐日变动率","type":"0","exp":"(A-B)/B"},{"code":"exceptionReason","name":"异常原因","type":"1","exp":"A>100?\'超过上限\':\'\';A<=0?\'低于下限\':\'\';A-B>10?\'超过变动值上限\':\'\';A-B<-10?\'低于变动值下限\':\'\'"}]');INSERT INTO `monitor_items` (`item_id`, `name`, `type`, `template_id`, `key`, `delay`, `history`, `status`, `value_type`, `units`, `error`, `data_type`, `sys_type`, `calc_type`, `biz_index`, `biz_calc_obj`, `biz_calc_exp`, `biz_theme_id`, `biz_is_zero`, `cron`, `biz_group`, `biz_theme_exp`) VALUES ('7ddb59bd-0bc9-47fa-9206-477615df5dec', '全国日覆盖率（%）', 'SCRIPT', '237ed049-315a-4973-bbb3-7a8a54142a51', '全国_概览_机顶盒_日_日_%_4', NULL, NULL, 'ON', '0', '', NULL, NULL, 'THEME_CALC', '3', 'mirror-theme-*', '[{"dataShow":true,"bizGroup":["calc_date","province_name"],"staticsName":"A","staticsType":0,"staticsField":"coverRate","field":[{"field":"province_code","fieldComparor":"2","fieldValue":"000"}],"date":[{"field":"@timestamp","dateComparor":"2","dateStaticsType":"3","dateOptionType":"","dateValue":"","dateInterval":""}]},{"dataShow":true,"bizGroup":["province_name"],"staticsName":"B","staticsType":0,"staticsField":"coverRate","field":[{"field":"province_code","fieldComparor":"2","fieldValue":"000"}],"date":[{"field":"@timestamp","dateComparor":"2","dateStaticsType":"3","dateOptionType":"1","dateValue":"1","dateInterval":"0"}]},{"dataShow":true,"bizGroup":["province_name"],"staticsName":"C","staticsType":4,"staticsField":"coverRate","field":[{"field":"province_code","fieldComparor":"2","fieldValue":"000"}],"date":[{"field":"@timestamp","dateComparor":"0","dateStaticsType":"3","dateOptionType":"1","dateValue":"7","dateInterval":"0"},{"field":"@timestamp","dateComparor":"1","dateStaticsType":"3","dateOptionType":"0","dateValue":"1","dateInterval":"0"}]}]', NULL, 'a5c4114a-9d47-48b6-8819-946e5b3cf51a', '1', NULL, '[{"name":"日期","code":"calc_date"},{"name":"省份名称","code":"province_name"}]', '[{"code":"rtz_item_value","name":"软探针覆盖率（%）","type":"0","exp":"A"},{"code":"prevItemValue","name":"前一天数据","type":"0","exp":"B"},{"code":"sevenAvgValue","name":"七日均值","type":"0","exp":"C"},{"code":"everyChangeValue","name":"逐日变动值","type":"0","exp":"A-B"},{"code":"everyChangeRate","name":"逐日变动率","type":"0","exp":"(A-B)/B"},{"code":"exceptionReason","name":"异常原因","type":"1","exp":"A>100?\'超过上限\':\'\';A<=0?\'低于下限\':\'\';A-B>10?\'超过变动值上限\':\'\';A-B<-10?\'低于变动值下限\':\'\'"}]');INSERT INTO `monitor_items` (`item_id`, `name`, `type`, `template_id`, `key`, `delay`, `history`, `status`, `value_type`, `units`, `error`, `data_type`, `sys_type`, `calc_type`, `biz_index`, `biz_calc_obj`, `biz_calc_exp`, `biz_theme_id`, `biz_is_zero`, `cron`, `biz_group`, `biz_theme_exp`) VALUES ('807ec9e9-5fe9-4842-a02d-215e897941a8', '各省日覆盖率（%）', 'SCRIPT', '237ed049-315a-4973-bbb3-7a8a54142a51', '各省_概览_机顶盒_日_日_%_4', NULL, NULL, 'ON', '0', '', NULL, NULL, 'THEME_CALC', '3', 'mirror-theme-*', '[{"dataShow":true,"bizGroup":["calc_date","province_name"],"staticsName":"A","staticsType":0,"staticsField":"coverRate","field":[{"field":"province_code","fieldComparor":"0","fieldValue":"000"}],"date":[{"field":"@timestamp","dateComparor":"2","dateStaticsType":"3","dateOptionType":"","dateValue":"","dateInterval":""}]},{"dataShow":true,"bizGroup":["province_name"],"staticsName":"B","staticsType":0,"staticsField":"coverRate","field":[{"field":"province_code","fieldComparor":"0","fieldValue":"000"}],"date":[{"field":"@timestamp","dateComparor":"2","dateStaticsType":"3","dateOptionType":"1","dateValue":"1","dateInterval":"0"}]},{"dataShow":true,"bizGroup":["province_name"],"staticsName":"C","staticsType":4,"staticsField":"coverRate","field":[{"field":"province_code","fieldComparor":"0","fieldValue":"000"}],"date":[{"field":"@timestamp","dateComparor":"0","dateStaticsType":"3","dateOptionType":"1","dateValue":"7","dateInterval":"0"},{"field":"@timestamp","dateComparor":"1","dateStaticsType":"3","dateOptionType":"0","dateValue":"1","dateInterval":"0"}]}]', NULL, 'a5c4114a-9d47-48b6-8819-946e5b3cf51a', '1', NULL, '[{"name":"日期","code":"calc_date"},{"name":"省份名称","code":"province_name"}]', '[{"code":"rtz_item_value","name":"软探针覆盖率（%）","type":"0","exp":"A"},{"code":"prevItemValue","name":"前一天数据","type":"0","exp":"B"},{"code":"sevenAvgValue","name":"七日均值","type":"0","exp":"C"},{"code":"everyChangeValue","name":"逐日变动值","type":"0","exp":"A-B"},{"code":"everyChangeRate","name":"逐日变动率","type":"0","exp":"(A-B)/B"},{"code":"exceptionReason","name":"异常原因","type":"1","exp":"A>100?\'超过上限\':\'\';A<=0?\'低于下限\':\'\';A-B>10?\'超过变动值上限\':\'\';A-B<-10?\'低于变动值下限\':\'\'"}]');INSERT INTO `monitor_items` (`item_id`, `name`, `type`, `template_id`, `key`, `delay`, `history`, `status`, `value_type`, `units`, `error`, `data_type`, `sys_type`, `calc_type`, `biz_index`, `biz_calc_obj`, `biz_calc_exp`, `biz_theme_id`, `biz_is_zero`, `cron`, `biz_group`, `biz_theme_exp`) VALUES ('83e175e6-1e26-4a97-865e-3d92fbb76be2', '全国日收视用户数（万）', 'SCRIPT', '237ed049-315a-4973-bbb3-7a8a54142a51', '全国_概览_机顶盒_日_日_万_1', NULL, NULL, 'ON', '0', '', NULL, NULL, 'THEME_CALC', '3', 'mirror-theme-*', '[{"dataShow":false,"bizGroup":["calc_date","province_name"],"staticsName":"A","staticsType":0,"staticsField":"totaluser","field":[{"field":"province_code","fieldComparor":"2","fieldValue":"000"}],"date":[{"field":"@timestamp","dateComparor":"2","dateStaticsType":"3","dateOptionType":"","dateValue":"","dateInterval":""}]},{"dataShow":false,"bizGroup":["province_name"],"staticsName":"B","staticsType":0,"staticsField":"totaluser","field":[{"field":"province_code","fieldComparor":"2","fieldValue":"000"}],"date":[{"field":"@timestamp","dateComparor":"2","dateStaticsType":"3","dateOptionType":"1","dateValue":"1","dateInterval":"0"}]},{"dataShow":true,"bizGroup":["province_name"],"staticsName":"C","staticsType":3,"staticsField":"totaluser","field":[{"field":"province_code","fieldComparor":"2","fieldValue":"000"}],"date":[{"field":"@timestamp","dateComparor":"1","dateStaticsType":"3","dateOptionType":"0","dateValue":"1","dateInterval":"0"},{"field":"@timestamp","dateComparor":"0","dateStaticsType":"3","dateOptionType":"1","dateValue":"7","dateInterval":"0"}]}]', NULL, 'a5c4114a-9d47-48b6-8819-946e5b3cf51a', '1', NULL, '[{"name":"日期","code":"calc_date"},{"name":"省份名称","code":"province_name"}]', '[{"code":"userNum","name":"软探针累计量（日）（万）","type":"0","exp":"A"},{"code":"lastDayData","name":"前一天数据","type":"0","exp":"B"},{"code":"sevenAverage","name":"七日均值","type":"0","exp":"C"},{"code":"dayChangeValue","name":"逐日变动值","type":"0","exp":"A-B"},{"code":"dayChangeRate","name":"逐日变动率","type":"0","exp":"(A-B)/B"},{"code":"exceptionReason","name":"异常原因","type":"1","exp":"A>100?\'超过上限\':\'\';A<=0?\'低于下限\':\'\';A-B>10?\'超过变动值上限\':\'\';A-B<-10?\'低于变动值下限\':\'\'"}]');INSERT INTO `monitor_items` (`item_id`, `name`, `type`, `template_id`, `key`, `delay`, `history`, `status`, `value_type`, `units`, `error`, `data_type`, `sys_type`, `calc_type`, `biz_index`, `biz_calc_obj`, `biz_calc_exp`, `biz_theme_id`, `biz_is_zero`, `cron`, `biz_group`, `biz_theme_exp`) VALUES ('b5dac0dd-e244-4098-80c5-5aefa0c1cf4e', '全国日活跃率（%）', 'SCRIPT', '237ed049-315a-4973-bbb3-7a8a54142a51', '全国_概览_机顶盒_日_日_%_3', NULL, NULL, 'ON', '0', '', NULL, NULL, 'THEME_CALC', '3', 'mirror-theme-*', '[{"dataShow":false,"bizGroup":["calc_date","province_name"],"staticsName":"A","staticsType":0,"staticsField":"activerate","field":[{"field":"province_code","fieldComparor":"2","fieldValue":"000"}],"date":[{"field":"@timestamp","dateComparor":"2","dateStaticsType":"3","dateOptionType":"","dateValue":"","dateInterval":""}]},{"dataShow":false,"bizGroup":["province_name"],"staticsName":"B","staticsType":0,"staticsField":"activerate","field":[{"field":"province_code","fieldComparor":"2","fieldValue":"000"}],"date":[{"field":"@timestamp","dateComparor":"2","dateStaticsType":"3","dateOptionType":"1","dateValue":"1","dateInterval":"0"}]},{"dataShow":false,"bizGroup":["province_name"],"staticsName":"C","staticsType":4,"staticsField":"activerate","field":[{"field":"province_code","fieldComparor":"2","fieldValue":"000"}],"date":[{"field":"@timestamp","dateComparor":"0","dateStaticsType":"3","dateOptionType":"1","dateValue":"7","dateInterval":"0"},{"field":"@timestamp","dateComparor":"1","dateStaticsType":"3","dateOptionType":"0","dateValue":"1","dateInterval":"0"}]}]', NULL, 'a5c4114a-9d47-48b6-8819-946e5b3cf51a', '1', NULL, '[{"name":"日期","code":"calc_date"},{"name":"省份名称","code":"province_name"}]', '[{"code":"rtz_item_value","name":"软探针活跃率（%）","type":"0","exp":"A"},{"code":"prevItemValue","name":"前一天数据","type":"0","exp":"B"},{"code":"sevenAvgValue","name":"七日均值","type":"0","exp":"C"},{"code":"everyChangeValue","name":"逐日变动值","type":"0","exp":"A-B"},{"code":"everyChangeRate","name":"逐日变动率","type":"0","exp":"(A-B)/B"},{"code":"exceptionReason","name":"异常原因","type":"1","exp":"A>100?\'超过上限\':\'\';A<=0?\'低于下限\':\'\';A-B>10?\'超过变动值上限\':\'\';A-B<-10?\'低于变动值下限\':\'\'"}]');INSERT INTO `monitor_items` (`item_id`, `name`, `type`, `template_id`, `key`, `delay`, `history`, `status`, `value_type`, `units`, `error`, `data_type`, `sys_type`, `calc_type`, `biz_index`, `biz_calc_obj`, `biz_calc_exp`, `biz_theme_id`, `biz_is_zero`, `cron`, `biz_group`, `biz_theme_exp`) VALUES ('b96e3602-5eb2-437c-9ee0-1384dc77c3c2', '各省日活跃率（%）', 'SCRIPT', '237ed049-315a-4973-bbb3-7a8a54142a51', '各省_概览_机顶盒_日_日_%_3', NULL, NULL, 'ON', '0', '', NULL, NULL, 'THEME_CALC', '3', 'mirror-theme-*', '[{"dataShow":true,"bizGroup":["calc_date","province_name"],"staticsName":"A","staticsType":0,"staticsField":"activerate","field":[{"field":"province_code","fieldComparor":"0","fieldValue":"000"}],"date":[{"field":"@timestamp","dateComparor":"2","dateStaticsType":"3","dateOptionType":"","dateValue":"","dateInterval":""}]},{"dataShow":true,"bizGroup":["province_name"],"staticsName":"B","staticsType":0,"staticsField":"activerate","field":[{"field":"province_code","fieldComparor":"0","fieldValue":"000"}],"date":[{"field":"@timestamp","dateComparor":"2","dateStaticsType":"3","dateOptionType":"1","dateValue":"1","dateInterval":"0"}]},{"dataShow":true,"bizGroup":["province_name"],"staticsName":"C","staticsType":4,"staticsField":"activerate","field":[{"field":"province_code","fieldComparor":"0","fieldValue":"000"}],"date":[{"field":"@timestamp","dateComparor":"0","dateStaticsType":"3","dateOptionType":"1","dateValue":"7","dateInterval":"0"},{"field":"@timestamp","dateComparor":"1","dateStaticsType":"3","dateOptionType":"0","dateValue":"1","dateInterval":"0"}]}]', NULL, 'a5c4114a-9d47-48b6-8819-946e5b3cf51a', '1', NULL, '[{"name":"日期","code":"calc_date"},{"name":"省份名称","code":"province_name"}]', '[{"code":"rtz_item_value","name":"软探针活跃率（%）","type":"0","exp":"A"},{"code":"prevItemValue","name":"前一天数据","type":"0","exp":"B"},{"code":"sevenAvgValue","name":"七日均值","type":"0","exp":"C"},{"code":"everyChangeValue","name":"逐日变动值","type":"0","exp":"A-B"},{"code":"everyChangeRate","name":"逐日变动率","type":"0","exp":"(A-B)/B"},{"code":"exceptionReason","name":"异常原因","type":"1","exp":"A>100?\'超过上限\':\'\';A<=0?\'低于下限\':\'\';A-B>10?\'超过变动值上限\':\'\';A-B<-10?\'低于变动值下限\':\'\'"}]');INSERT INTO `monitor_items` (`item_id`, `name`, `type`, `template_id`, `key`, `delay`, `history`, `status`, `value_type`, `units`, `error`, `data_type`, `sys_type`, `calc_type`, `biz_index`, `biz_calc_obj`, `biz_calc_exp`, `biz_theme_id`, `biz_is_zero`, `cron`, `biz_group`, `biz_theme_exp`) VALUES ('e180b774-6322-4330-ad8e-4005b4c65e60', '全国日活跃用户数（万）', 'SCRIPT', '237ed049-315a-4973-bbb3-7a8a54142a51', '全国_概览_机顶盒_日_日_万_2', NULL, NULL, 'ON', '0', '', NULL, NULL, 'THEME_CALC', '3', 'mirror-theme-*', '[{"dataShow":false,"bizGroup":["calc_date","province_name"],"staticsName":"A","staticsType":0,"staticsField":"activeuser","field":[{"field":"province_code","fieldComparor":"2","fieldValue":"000"}],"date":[{"field":"@timestamp","dateComparor":"2","dateStaticsType":"3","dateOptionType":"","dateValue":"","dateInterval":""}]},{"dataShow":false,"bizGroup":["province_name"],"staticsName":"B","staticsType":0,"staticsField":"activeuser","field":[{"field":"province_code","fieldComparor":"2","fieldValue":"000"}],"date":[{"field":"@timestamp","dateComparor":"2","dateStaticsType":"3","dateOptionType":"1","dateValue":"1","dateInterval":"0"}]},{"dataShow":false,"bizGroup":["province_name"],"staticsName":"C","staticsType":4,"staticsField":"activeuser","field":[{"field":"province_code","fieldComparor":"2","fieldValue":"000"}],"date":[{"field":"@timestamp","dateComparor":"0","dateStaticsType":"3","dateOptionType":"1","dateValue":"7","dateInterval":"0"},{"field":"@timestamp","dateComparor":"1","dateStaticsType":"3","dateOptionType":"0","dateValue":"1","dateInterval":"0"}]}]', NULL, 'a5c4114a-9d47-48b6-8819-946e5b3cf51a', '1', NULL, '[{"name":"日期","code":"calc_date"},{"name":"省份名称","code":"province_name"}]', '[{"code":"rtz_item_value","name":"软探针活跃用量（个）","type":"0","exp":"A"},{"code":"prevItemValue","name":"前一天数据","type":"0","exp":"B"},{"code":"sevenAvgValue","name":"七日均值","type":"0","exp":"C"},{"code":"everyChangeValue","name":"逐日变动值","type":"0","exp":"A-B"},{"code":"everyChangeRate","name":"逐日变动率","type":"0","exp":"(A-B)/B"},{"code":"exceptionReason","name":"异常原因","type":"1","exp":"A>100?\'超过上限\':\'\';A<=0?\'低于下限\':\'\';A-B>10?\'超过变动值上限\':\'\';A-B<-10?\'低于变动值下限\':\'\'"}]');-- 入资源数据INSERT INTO `resources_resource` (`id`, `type`, `uuid`, `namespace`, `created_by`, `created_at`, `name`, `region_id`, `space_uuid`, `project_uuid`, `knamespace_uuid`) VALUES (101535, 'TEMPLATE', '237ed049-315a-4973-bbb3-7a8a54142a51', 'alauda', 'alauda', '2019-01-16 14:38:41', 'zhujuwangtest', '', '', '', '');INSERT INTO `resources_resource` (`id`, `type`, `uuid`, `namespace`, `created_by`, `created_at`, `name`, `region_id`, `space_uuid`, `project_uuid`, `knamespace_uuid`) VALUES (101532, 'THEME', '2512b97b-a988-427b-84d2-59ef60a27fa2', 'alauda', 'alauda', '2019-01-15 16:41:23', '软探针小时指标', '', '', '', '');INSERT INTO `resources_resource` (`id`, `type`, `uuid`, `namespace`, `created_by`, `created_at`, `name`, `region_id`, `space_uuid`, `project_uuid`, `knamespace_uuid`) VALUES (101533, 'THEME', '8f01a1bc-6e4c-43e3-a585-63c772395a9b', 'alauda', 'alauda', '2019-01-15 16:47:17', '软探针实时指标', '', '', '', '');INSERT INTO `resources_resource` (`id`, `type`, `uuid`, `namespace`, `created_by`, `created_at`, `name`, `region_id`, `space_uuid`, `project_uuid`, `knamespace_uuid`) VALUES (101531, 'THEME', 'a5c4114a-9d47-48b6-8819-946e5b3cf51a', 'alauda', 'alauda', '2019-01-15 16:33:51', '软探针日指标', '', '', '', '');-- }}INSERT INTO `monitor_template` (`template_id`, `name`, `description`, `create_time`, `type`, `update_time`, `fun_type`, `mon_type`, `status`, `sys_type`) VALUES ('2be462a0-2cac-49ad-a5cd-6466541e22e8', 'xytest0129', '', '2019-01-29 14:50:12', '4', '2019-01-30 13:50:52', '1', '2', '1', 'THEME_CALC');INSERT INTO `monitor_template` (`template_id`, `name`, `description`, `create_time`, `type`, `update_time`, `fun_type`, `mon_type`, `status`, `sys_type`) VALUES ('b5292995-0388-4067-9e5a-7a7d8c3cc4de', 'xytest0130', '', '2019-01-30 10:49:18', '4', '2019-01-30 11:11:36', '1', '2', '1', 'THEME_CALC');INSERT INTO `monitor_template_object` (`template_object_id`, `template_id`, `object_type`, `object_id`) VALUES ('2d1423fd-64fc-4d89-a65d-e2746b0b6a61', '2be462a0-2cac-49ad-a5cd-6466541e22e8', '2', 'GGCSQ');INSERT INTO `monitor_template_object` (`template_object_id`, `template_id`, `object_type`, `object_id`) VALUES ('9ae74d17-6dea-4ce7-93e5-48c009f34279', 'b5292995-0388-4067-9e5a-7a7d8c3cc4de', '2', 'GGCSQ');INSERT INTO `monitor_items` (`item_id`, `name`, `type`, `template_id`, `key`, `delay`, `history`, `status`, `value_type`, `units`, `error`, `data_type`, `sys_type`, `calc_type`, `biz_index`, `biz_calc_obj`, `biz_calc_exp`, `biz_theme_id`, `biz_is_zero`, `cron`, `biz_group`, `biz_theme_exp`) VALUES ('6799b128-29b6-493d-af26-63ae1922c9b2', '全国小时收视用户数（昨日）（万）', 'SCRIPT', '2be462a0-2cac-49ad-a5cd-6466541e22e8', '全国_概览_机顶盒_小时_小时_万_2', NULL, NULL, 'ON', '0', '', NULL, NULL, 'THEME_CALC', '3', 'mirror-theme-*', '[{"dataShow":true,"bizGroup":["calc_date","province_name"],"staticsName":"A","staticsType":0,"staticsField":"prev_programuser","field":[{"field":"province_code","fieldComparor":"2","fieldValue":"000"}],"date":[{"field":"@timestamp","dateComparor":"2","dateStaticsType":"3","dateOptionType":"","dateValue":"","dateInterval":""}]},{"dataShow":true,"bizGroup":["province_name"],"staticsName":"B","staticsType":0,"staticsField":"prev_programuser","field":[{"field":"province_code","fieldComparor":"2","fieldValue":"000"}],"date":[{"field":"@timestamp","dateComparor":"2","dateStaticsType":"3","dateOptionType":"1","dateValue":"1","dateInterval":"0"}]},{"dataShow":true,"bizGroup":["province_name"],"staticsName":"C","staticsType":4,"staticsField":"prev_programuser","field":[{"field":"province_code","fieldComparor":"2","fieldValue":"000"}],"date":[{"field":"@timestamp","dateComparor":"0","dateStaticsType":"3","dateOptionType":"1","dateValue":"7","dateInterval":"0"},{"field":"@timestamp","dateComparor":"1","dateStaticsType":"3","dateOptionType":"0","dateValue":"1","dateInterval":"0"}]}]', NULL, '2512b97b-a988-427b-84d2-59ef60a27fa2', '1', NULL, '[{"name":"日期","code":"calc_date"},{"name":"省份名称","code":"province_name"}]', '[{"code":"rtz_item_value","name":"收视用户数（昨日）（个）","type":"0","exp":"A"},{"code":"prevItemValue","name":"前一天数据","type":"0","exp":"B"},{"code":"sevenAvgValue","name":"七日均值","type":"0","exp":"C"},{"code":"everyChangeValue","name":"逐日变动值","type":"0","exp":"A-B"},{"code":"everyChangeRate","name":"逐日变动率","type":"0","exp":"(A-B)/B"},{"code":"exceptionReason","name":"异常原因","type":"1","exp":"A>100?\'超过上限\':\'\';A<=0?\'低于下限\':\'\';A-B>10?\'超过变动值上限\':\'\';A-B<-10?\'低于变动值下限\':\'\'"}]');INSERT INTO `monitor_items` (`item_id`, `name`, `type`, `template_id`, `key`, `delay`, `history`, `status`, `value_type`, `units`, `error`, `data_type`, `sys_type`, `calc_type`, `biz_index`, `biz_calc_obj`, `biz_calc_exp`, `biz_theme_id`, `biz_is_zero`, `cron`, `biz_group`, `biz_theme_exp`) VALUES ('bfbd76e9-b2e8-47f9-a863-1c1df302b0da', '全国小时收视用户数（今日）（万）', 'SCRIPT', '2be462a0-2cac-49ad-a5cd-6466541e22e8', '全国_概览_机顶盒_小时_小时_万_1', NULL, NULL, 'ON', '0', '', NULL, NULL, 'THEME_CALC', '3', 'mirror-theme-*', '[{"dataShow":false,"bizGroup":["calc_date","province_name"],"staticsName":"A","staticsType":0,"staticsField":"today_programuser","field":[{"field":"province_code","fieldComparor":"2","fieldValue":"000"}],"date":[{"field":"@timestamp","dateComparor":"2","dateStaticsType":"3","dateOptionType":"","dateValue":"","dateInterval":""}]},{"dataShow":true,"bizGroup":["province_name"],"staticsName":"B","staticsType":0,"staticsField":"today_programuser","field":[{"field":"province_code","fieldComparor":"2","fieldValue":"000"}],"date":[{"field":"@timestamp","dateComparor":"2","dateStaticsType":"3","dateOptionType":"1","dateValue":"1","dateInterval":"0"}]},{"dataShow":true,"bizGroup":["province_name"],"staticsName":"C","staticsType":4,"staticsField":"today_programuser","field":[{"field":"province_code","fieldComparor":"2","fieldValue":"000"}],"date":[{"field":"@timestamp","dateComparor":"0","dateStaticsType":"3","dateOptionType":"1","dateValue":"7","dateInterval":"0"},{"field":"@timestamp","dateComparor":"1","dateStaticsType":"3","dateOptionType":"0","dateValue":"1","dateInterval":"0"}]}]', NULL, '2512b97b-a988-427b-84d2-59ef60a27fa2', '1', NULL, '[{"name":"日期","code":"calc_date"},{"name":"省份名称","code":"province_name"}]', '[{"code":"rtz_item_value","name":"收视用户数（今日）（个）","type":"0","exp":"A"},{"code":"prevItemValue","name":"前一天数据","type":"0","exp":"B"},{"code":"sevenAvgValue","name":"七日均值","type":"0","exp":"C"},{"code":"everyChangeValue","name":"逐日变动值","type":"0","exp":"A-B"},{"code":"everyChangeRate","name":"逐日变动率","type":"0","exp":"(A-B)/B"},{"code":"exceptionReason","name":"异常原因","type":"1","exp":"A>100?\'超过上限\':\'\';A<=0?\'低于下限\':\'\';A-B>10?\'超过变动值上限\':\'\';A-B<-10?\'低于变动值下限\':\'\'"}]');INSERT INTO `monitor_items` (`item_id`, `name`, `type`, `template_id`, `key`, `delay`, `history`, `status`, `value_type`, `units`, `error`, `data_type`, `sys_type`, `calc_type`, `biz_index`, `biz_calc_obj`, `biz_calc_exp`, `biz_theme_id`, `biz_is_zero`, `cron`, `biz_group`, `biz_theme_exp`) VALUES ('2fc8225f-cad3-45a8-924e-5862b02a4191', '全国实时直播用户占比（%）', 'SCRIPT', 'b5292995-0388-4067-9e5a-7a7d8c3cc4de', '全国_概览_机顶盒_日_实时_%_2', NULL, NULL, 'ON', '0', '', NULL, NULL, 'THEME_CALC', '3', 'mirror-theme-*', '[{"dataShow":true,"bizGroup":["calc_date","province_name"],"staticsName":"A","staticsType":0,"staticsField":"live_program_user_rate","field":[{"field":"province_code","fieldComparor":"2","fieldValue":"000"}],"date":[{"field":"@timestamp","dateComparor":"2","dateStaticsType":"3","dateOptionType":"","dateValue":"","dateInterval":""}]},{"dataShow":true,"bizGroup":["province_name"],"staticsName":"B","staticsType":0,"staticsField":"live_program_user_rate","field":[{"field":"province_code","fieldComparor":"2","fieldValue":"000"}],"date":[{"field":"@timestamp","dateComparor":"2","dateStaticsType":"3","dateOptionType":"1","dateValue":"1","dateInterval":"0"}]},{"dataShow":true,"bizGroup":["province_name"],"staticsName":"C","staticsType":4,"staticsField":"live_program_user_rate","field":[{"field":"province_code","fieldComparor":"2","fieldValue":"000"}],"date":[{"field":"@timestamp","dateComparor":"0","dateStaticsType":"3","dateOptionType":"1","dateValue":"7","dateInterval":"0"},{"field":"@timestamp","dateComparor":"1","dateStaticsType":"3","dateOptionType":"0","dateValue":"1","dateInterval":"0"}]}]', NULL, '8f01a1bc-6e4c-43e3-a585-63c772395a9b', '1', NULL, '[{"name":"日期","code":"calc_date"},{"name":"省份名称","code":"province_name"}]', '[{"code":"rtz_item_value","name":"直播用户占比（%）","type":"0","exp":"A"},{"code":"prevItemValue","name":"前一天数据","type":"0","exp":"B"},{"code":"sevenAvgValue","name":"七日均值","type":"0","exp":"C"},{"code":"everyChangeValue","name":"逐日变动值","type":"0","exp":"A-B"},{"code":"everyChangeRate","name":"逐日变动率","type":"0","exp":"(A-B)/B"},{"code":"exceptionReason","name":"异常原因","type":"0","exp":"A>100?\'超过上限\':\'\';A<=0?\'低于下限\':\'\';A-B>10?\'超过变动值上限\':\'\';A-B<-10?\'低于变动值下限\':\'\'"}]');INSERT INTO `monitor_items` (`item_id`, `name`, `type`, `template_id`, `key`, `delay`, `history`, `status`, `value_type`, `units`, `error`, `data_type`, `sys_type`, `calc_type`, `biz_index`, `biz_calc_obj`, `biz_calc_exp`, `biz_theme_id`, `biz_is_zero`, `cron`, `biz_group`, `biz_theme_exp`) VALUES ('358912ac-6b8c-4456-9736-295bd3d35607', '全国实时点播用户占比（%）', 'SCRIPT', 'b5292995-0388-4067-9e5a-7a7d8c3cc4de', '全国_概览_机顶盒_日_实时_%_1', NULL, NULL, 'ON', '0', '', NULL, NULL, 'THEME_CALC', '3', 'mirror-theme-*', '[{"dataShow":true,"bizGroup":["calc_date","province_name"],"staticsName":"A","staticsType":0,"staticsField":"vod_program_user_rate","field":[{"field":"province_code","fieldComparor":"2","fieldValue":"000"}],"date":[{"field":"@timestamp","dateComparor":"2","dateStaticsType":"3","dateOptionType":"","dateValue":"","dateInterval":""}]},{"dataShow":true,"bizGroup":["province_name"],"staticsName":"B","staticsType":0,"staticsField":"vod_program_user_rate","field":[{"field":"province_code","fieldComparor":"2","fieldValue":"000"}],"date":[{"field":"@timestamp","dateComparor":"2","dateStaticsType":"3","dateOptionType":"1","dateValue":"1","dateInterval":"0"}]},{"dataShow":true,"bizGroup":["province_name"],"staticsName":"C","staticsType":4,"staticsField":"vod_program_user_rate","field":[{"field":"province_code","fieldComparor":"2","fieldValue":"000"}],"date":[{"field":"@timestamp","dateComparor":"0","dateStaticsType":"3","dateOptionType":"1","dateValue":"7","dateInterval":"0"},{"field":"@timestamp","dateComparor":"1","dateStaticsType":"3","dateOptionType":"0","dateValue":"1","dateInterval":"0"}]}]', NULL, '8f01a1bc-6e4c-43e3-a585-63c772395a9b', '1', NULL, '[{"name":"日期","code":"calc_date"},{"name":"省份名称","code":"province_name"}]', '[{"code":"rtz_item_value","name":"点播用户占比（%）","type":"0","exp":"A"},{"code":"prevItemValue","name":"前一天数据","type":"0","exp":"B"},{"code":"sevenAvgValue","name":"七日均值","type":"0","exp":"C"},{"code":"everyChangeValue","name":"逐日变动值","type":"0","exp":"A-B"},{"code":"everyChangeRate","name":"逐日变动率","type":"0","exp":"(A-B)/B"},{"code":"exceptionReason","name":"异常原因","type":"1","exp":"A>100?\'超过上限\':\'\';A<=0?\'低于下限\':\'\';A-B>10?\'超过变动值上限\':\'\';A-B<-10?\'低于变动值下限\':\'\'"}]');INSERT INTO `monitor_items` (`item_id`, `name`, `type`, `template_id`, `key`, `delay`, `history`, `status`, `value_type`, `units`, `error`, `data_type`, `sys_type`, `calc_type`, `biz_index`, `biz_calc_obj`, `biz_calc_exp`, `biz_theme_id`, `biz_is_zero`, `cron`, `biz_group`, `biz_theme_exp`) VALUES ('871cd9df-b882-4ebf-87a2-07b529bedc33', '全国实时无线用户数（万）', 'SCRIPT', 'b5292995-0388-4067-9e5a-7a7d8c3cc4de', '全国_概览_机顶盒_日_实时_万_4', NULL, NULL, 'ON', '0', '', NULL, NULL, 'THEME_CALC', '3', 'mirror-theme-*', '[{"dataShow":true,"bizGroup":["calc_date","province_name"],"staticsName":"A","staticsType":0,"staticsField":"no_wire_line_user","field":[{"field":"province_code","fieldComparor":"2","fieldValue":"000"}],"date":[{"field":"@timestamp","dateComparor":"2","dateStaticsType":"3","dateOptionType":"","dateValue":"","dateInterval":""}]},{"dataShow":true,"bizGroup":["province_name"],"staticsName":"B","staticsType":0,"staticsField":"no_wire_line_user","field":[{"field":"province_code","fieldComparor":"2","fieldValue":"000"}],"date":[{"field":"@timestamp","dateComparor":"2","dateStaticsType":"3","dateOptionType":"1","dateValue":"1","dateInterval":"0"}]},{"dataShow":true,"bizGroup":["province_name"],"staticsName":"C","staticsType":4,"staticsField":"no_wire_line_user","field":[{"field":"province_code","fieldComparor":"2","fieldValue":"000"}],"date":[{"field":"@timestamp","dateComparor":"0","dateStaticsType":"3","dateOptionType":"1","dateValue":"7","dateInterval":"0"},{"field":"@timestamp","dateComparor":"1","dateStaticsType":"3","dateOptionType":"0","dateValue":"1","dateInterval":"0"}]}]', NULL, '8f01a1bc-6e4c-43e3-a585-63c772395a9b', '1', NULL, '[{"name":"日期","code":"calc_date"},{"name":"省份名称","code":"province_name"}]', '[{"code":"rtz_item_value","name":"无线用户数（万）","type":"0","exp":"A"},{"code":"prevItemValue","name":"前一天数据","type":"0","exp":"B"},{"code":"sevenAvgValue","name":"七日均值","type":"0","exp":"C"},{"code":"everyChangeValue","name":"逐日变动值","type":"0","exp":"A-B"},{"code":"everyChangeRate","name":"逐日变动率","type":"0","exp":"(A-B)/B"},{"code":"exceptionReason","name":"异常原因","type":"1","exp":"A>100?\'超过上限\':\'\';A<=0?\'低于下限\':\'\';A-B>10?\'超过变动值上限\':\'\';A-B<-10?\'低于变动值下限\':\'\'"}]');INSERT INTO `monitor_items` (`item_id`, `name`, `type`, `template_id`, `key`, `delay`, `history`, `status`, `value_type`, `units`, `error`, `data_type`, `sys_type`, `calc_type`, `biz_index`, `biz_calc_obj`, `biz_calc_exp`, `biz_theme_id`, `biz_is_zero`, `cron`, `biz_group`, `biz_theme_exp`) VALUES ('ca260528-dfbd-4b5b-9a60-63ea9b86ae05', '全国实时有线用户数（万）', 'SCRIPT', 'b5292995-0388-4067-9e5a-7a7d8c3cc4de', '全国_概览_机顶盒_日_实时_万_3', NULL, NULL, 'ON', '0', '', NULL, NULL, 'THEME_CALC', '3', 'mirror-theme-*', '[{"dataShow":true,"bizGroup":["calc_date","province_name"],"staticsName":"A","staticsType":0,"staticsField":"wire_line_user","field":[{"field":"province_code","fieldComparor":"2","fieldValue":"000"}],"date":[{"field":"@timestamp","dateComparor":"2","dateStaticsType":"3","dateOptionType":"","dateValue":"","dateInterval":""}]},{"dataShow":true,"bizGroup":["province_name"],"staticsName":"B","staticsType":0,"staticsField":"wire_line_user","field":[{"field":"province_code","fieldComparor":"2","fieldValue":"000"}],"date":[{"field":"@timestamp","dateComparor":"2","dateStaticsType":"3","dateOptionType":"1","dateValue":"1","dateInterval":"0"}]},{"dataShow":true,"bizGroup":["province_name"],"staticsName":"C","staticsType":4,"staticsField":"wire_line_user","field":[{"field":"province_code","fieldComparor":"2","fieldValue":"000"}],"date":[{"field":"@timestamp","dateComparor":"0","dateStaticsType":"3","dateOptionType":"1","dateValue":"7","dateInterval":"0"},{"field":"@timestamp","dateComparor":"1","dateStaticsType":"3","dateOptionType":"0","dateValue":"1","dateInterval":"0"}]}]', NULL, '8f01a1bc-6e4c-43e3-a585-63c772395a9b', '1', NULL, '[{"name":"日期","code":"calc_date"},{"name":"省份名称","code":"province_name"}]', '[{"code":"rtz_item_value","name":"有线用户数（万）","type":"0","exp":"A"},{"code":"prevItemValue","name":"前一天数据","type":"0","exp":"B"},{"code":"sevenAvgValue","name":"七日均值","type":"0","exp":"C"},{"code":"everyChangeValue","name":"逐日变动值","type":"0","exp":"A-B"},{"code":"everyChangeRate","name":"逐日变动率","type":"0","exp":"(A-B)/B"},{"code":"exceptionReason","name":"异常原因","type":"1","exp":"A>100?\'超过上限\':\'\';A<=0?\'低于下限\':\'\';A-B>10?\'超过变动值上限\':\'\';A-B<-10?\'低于变动值下限\':\'\'"}]');INSERT INTO `resources_resource` (`id`, `type`, `uuid`, `namespace`, `created_by`, `created_at`, `name`, `region_id`, `space_uuid`, `project_uuid`, `knamespace_uuid`) VALUES (101617, 'TEMPLATE', '2be462a0-2cac-49ad-a5cd-6466541e22e8', 'alauda', 'alauda', '2019-01-29 14:50:10', 'xytest0129', '', '', '', '');INSERT INTO `resources_resource` (`id`, `type`, `uuid`, `namespace`, `created_by`, `created_at`, `name`, `region_id`, `space_uuid`, `project_uuid`, `knamespace_uuid`) VALUES (101619, 'TEMPLATE', 'b5292995-0388-4067-9e5a-7a7d8c3cc4de', 'alauda', 'alauda', '2019-01-30 10:49:15', 'xytest0130', '', '', '', '');