insert into `cmdb_v3_module_catalog` (`id`, `catalog_code`, `catalog_name`, `parent_catalog_id`, `sort_index`, `is_delete`) values('461676a86eae4de69eda857acf5a4f74','month_report_pfm_index','资源性能_指标情况','bc206011dace41a9bbc33bfc2a23dcdd',NULL,'0');
insert into `cmdb_v3_module_catalog` (`id`, `catalog_code`, `catalog_name`, `parent_catalog_id`, `sort_index`, `is_delete`) values('6811d01f594a4c39a797a3b1ce505d05','month_report','运营月报','0','0','0');
insert into `cmdb_v3_module_catalog` (`id`, `catalog_code`, `catalog_name`, `parent_catalog_id`, `sort_index`, `is_delete`) values('7a12f9faf9614049bcf957724c8d8638','month_report_resource_storage','资源概况_存储资源','f9dc04d89e554422b13544a5a2038d47','4','0');
insert into `cmdb_v3_module_catalog` (`id`, `catalog_code`, `catalog_name`, `parent_catalog_id`, `sort_index`, `is_delete`) values('7c81e46ed39747129562c4f0e3164cfe','month_report_pfm_utl','资源性能_资源利用率','bc206011dace41a9bbc33bfc2a23dcdd','1','0');
insert into `cmdb_v3_module_catalog` (`id`, `catalog_code`, `catalog_name`, `parent_catalog_id`, `sort_index`, `is_delete`) values('8e6ac6acd4e642bfbf6af9a2f073028d','month_report_resource_vm','资源概况_云主机','f9dc04d89e554422b13544a5a2038d47','3','0');
insert into `cmdb_v3_module_catalog` (`id`, `catalog_code`, `catalog_name`, `parent_catalog_id`, `sort_index`, `is_delete`) values('9e0301c034b54cdbbe56f76b36828f8e','month_report_resource_overview','资源概况','f9dc04d89e554422b13544a5a2038d47',NULL,'0');
insert into `cmdb_v3_module_catalog` (`id`, `catalog_code`, `catalog_name`, `parent_catalog_id`, `sort_index`, `is_delete`) values('a4872b14c29543f6af1205f986448638','month_report_resource_network','资源概况_网络资源','f9dc04d89e554422b13544a5a2038d47','5','0');
insert into `cmdb_v3_module_catalog` (`id`, `catalog_code`, `catalog_name`, `parent_catalog_id`, `sort_index`, `is_delete`) values('bc206011dace41a9bbc33bfc2a23dcdd','month_report_performance','资源性能','6811d01f594a4c39a797a3b1ce505d05','8','0');
insert into `cmdb_v3_module_catalog` (`id`, `catalog_code`, `catalog_name`, `parent_catalog_id`, `sort_index`, `is_delete`) values('dca6a040b25343f5b3084c14294d250c','month_report_dept_info','租户资源基本信息表','6811d01f594a4c39a797a3b1ce505d05','7','0');
insert into `cmdb_v3_module_catalog` (`id`, `catalog_code`, `catalog_name`, `parent_catalog_id`, `sort_index`, `is_delete`) values('e9ba5e896f864bf6989626c0c4561301','month_report_resource_gpu','资源概况_GPU','f9dc04d89e554422b13544a5a2038d47','2','0');
insert into `cmdb_v3_module_catalog` (`id`, `catalog_code`, `catalog_name`, `parent_catalog_id`, `sort_index`, `is_delete`) values('ef53a2c88e1b49bda1ceae916b547c13','month_report_resource_comp','资源概况_裸金属资源','f9dc04d89e554422b13544a5a2038d47','1','0');
insert into `cmdb_v3_module_catalog` (`id`, `catalog_code`, `catalog_name`, `parent_catalog_id`, `sort_index`, `is_delete`) values('f9dc04d89e554422b13544a5a2038d47','month_report_resource','资源规模','6811d01f594a4c39a797a3b1ce505d05','5','0');

insert into `cmdb_Module` (`id`, `partition_id`, `name`, `code`, `catalog_id`, `parent_id`, `icon_url`, `sort_index`, `is_delete`, `is_display`, `is_vice`, `enable_approve`) values('057a604e3daf424ab15b67cf3d91aa05','1','资源概况_网络资源','resource_network','a4872b14c29543f6af1205f986448638',NULL,'/cmdb/static/images/Y_Project-v1.png','10024','0','0','0','0');
insert into `cmdb_Module` (`id`, `partition_id`, `name`, `code`, `catalog_id`, `parent_id`, `icon_url`, `sort_index`, `is_delete`, `is_display`, `is_vice`, `enable_approve`) values('65de77fba09d4f0ba5717dc3edcbe158','1','资源概况_云主机','source_vm','8e6ac6acd4e642bfbf6af9a2f073028d',NULL,'/cmdb/static/images/Y_Project-v1.png','10021','0','0','0','0');
insert into `cmdb_Module` (`id`, `partition_id`, `name`, `code`, `catalog_id`, `parent_id`, `icon_url`, `sort_index`, `is_delete`, `is_display`, `is_vice`, `enable_approve`) values('685816e36d564a9cad49148e07e7fab5','1','资源性能_资源利用率','pfm_utl','7c81e46ed39747129562c4f0e3164cfe',NULL,'/cmdb/static/images/Thread-v1.png','10028','0','0','0','0');
insert into `cmdb_Module` (`id`, `partition_id`, `name`, `code`, `catalog_id`, `parent_id`, `icon_url`, `sort_index`, `is_delete`, `is_display`, `is_vice`, `enable_approve`) values('6a3dea699eac446a99ef062549e34d70','1','租户资源基本信息表','dept_info','dca6a040b25343f5b3084c14294d250c',NULL,'/cmdb/static/images/CREquipment-v1.png','10025','0','0','0','0');
insert into `cmdb_Module` (`id`, `partition_id`, `name`, `code`, `catalog_id`, `parent_id`, `icon_url`, `sort_index`, `is_delete`, `is_display`, `is_vice`, `enable_approve`) values('7635801cbebc4492b28b5ff5cab79f80','1','资源性能','performance','bc206011dace41a9bbc33bfc2a23dcdd',NULL,'/cmdb/static/images/Y_Oracle-v1.png','10026','0','0','1','0');
insert into `cmdb_Module` (`id`, `partition_id`, `name`, `code`, `catalog_id`, `parent_id`, `icon_url`, `sort_index`, `is_delete`, `is_display`, `is_vice`, `enable_approve`) values('789378de309e48d6aa5bef7a529d84d8','1','资源概况_GPU','resource_gpu','e9ba5e896f864bf6989626c0c4561301',NULL,'/cmdb/static/images/Y_Project-v1.png','10020','0','0','1','0');
insert into `cmdb_Module` (`id`, `partition_id`, `name`, `code`, `catalog_id`, `parent_id`, `icon_url`, `sort_index`, `is_delete`, `is_display`, `is_vice`, `enable_approve`) values('7dc4076bb7e04dd3916b3bdae9289dd2','1','运营月报','month_report','6811d01f594a4c39a797a3b1ce505d05',NULL,'/cmdb/static/images/Y_Project-v1.png','10017','0','0','0','0');
insert into `cmdb_Module` (`id`, `partition_id`, `name`, `code`, `catalog_id`, `parent_id`, `icon_url`, `sort_index`, `is_delete`, `is_display`, `is_vice`, `enable_approve`) values('844b5f3a55824803a6a9f9b218fb9072','1','资源概况_裸金属资源','resource_comp','ef53a2c88e1b49bda1ceae916b547c13',NULL,'/cmdb/static/images/Y_Project-v1.png','10019','0','0','0','0');
insert into `cmdb_Module` (`id`, `partition_id`, `name`, `code`, `catalog_id`, `parent_id`, `icon_url`, `sort_index`, `is_delete`, `is_display`, `is_vice`, `enable_approve`) values('946da4b86e9245ef97b4e7524c0af7b5','1','资源概况_存储资源','resource_storage','7a12f9faf9614049bcf957724c8d8638',NULL,'/cmdb/static/images/Y_Project-v1.png','10022','0','0','0','0');
insert into `cmdb_Module` (`id`, `partition_id`, `name`, `code`, `catalog_id`, `parent_id`, `icon_url`, `sort_index`, `is_delete`, `is_display`, `is_vice`, `enable_approve`) values('c7693f53ab3b4b76b13470c64713b7b6','1','资源性能_指标情况','pfm_index','461676a86eae4de69eda857acf5a4f74',NULL,'/cmdb/static/images/Y_VirtualNic-v1.png','10027','0','0','0','0');
insert into `cmdb_Module` (`id`, `partition_id`, `name`, `code`, `catalog_id`, `parent_id`, `icon_url`, `sort_index`, `is_delete`, `is_display`, `is_vice`, `enable_approve`) values('f6af5c6157e94b398fc4152d7888a5f6','1','资源规模','resource_resource','f9dc04d89e554422b13544a5a2038d47',NULL,'/cmdb/static/images/Y_Project-v1.png','10023','0','0','0','0');
insert into `cmdb_Module` (`id`, `partition_id`, `name`, `code`, `catalog_id`, `parent_id`, `icon_url`, `sort_index`, `is_delete`, `is_display`, `is_vice`, `enable_approve`) values('fec068f239af4f2d8e590c19a39967fd','1','资源概况','resource_overview','9e0301c034b54cdbbe56f76b36828f8e',NULL,'/cmdb/static/images/Y_Project-v1.png','10018','0','0','0','0');

insert into `cmdb_v3_module_code_setting` (`id`, `module_id`, `owner_module_id`, `group_id`, `code_id`, `display`, `sort_index`, `is_delete`) values('f1c7afd9f30041889268c867b5b6fcfd','057a604e3daf424ab15b67cf3d91aa05','057a604e3daf424ab15b67cf3d91aa05','9a4ffb2634824648ab28d3cfb2d351f1','03562537b80a43f3a4f3da6536698c6a','0','5','0');
insert into `cmdb_v3_module_code_setting` (`id`, `module_id`, `owner_module_id`, `group_id`, `code_id`, `display`, `sort_index`, `is_delete`) values('955c7427a1964b10b269ee72aecff733','057a604e3daf424ab15b67cf3d91aa05','7dc4076bb7e04dd3916b3bdae9289dd2','7dc4076bb7e04dd3916b3bdae9289dd2','1956b3765ae6491ca71f2f251cb7f2bc','0','6','0');
insert into `cmdb_v3_module_code_setting` (`id`, `module_id`, `owner_module_id`, `group_id`, `code_id`, `display`, `sort_index`, `is_delete`) values('d816b6e2c68241e584399c396e083185','057a604e3daf424ab15b67cf3d91aa05','057a604e3daf424ab15b67cf3d91aa05','9a4ffb2634824648ab28d3cfb2d351f1','38adc7f8b38249d0b8f7275c603d2263','0','3','0');
insert into `cmdb_v3_module_code_setting` (`id`, `module_id`, `owner_module_id`, `group_id`, `code_id`, `display`, `sort_index`, `is_delete`) values('ddb87d82859b4c3196e6b6176a2e7e8d','057a604e3daf424ab15b67cf3d91aa05','7dc4076bb7e04dd3916b3bdae9289dd2','7dc4076bb7e04dd3916b3bdae9289dd2','4ed5ed16917e478592cff0e8ef7f8578','0','5','0');
insert into `cmdb_v3_module_code_setting` (`id`, `module_id`, `owner_module_id`, `group_id`, `code_id`, `display`, `sort_index`, `is_delete`) values('4cf709d1ef404621ad15e75c1b9dc7a2','057a604e3daf424ab15b67cf3d91aa05','057a604e3daf424ab15b67cf3d91aa05','9a4ffb2634824648ab28d3cfb2d351f1','6d5a993b6090462490331e33053373a7','0','1','0');
insert into `cmdb_v3_module_code_setting` (`id`, `module_id`, `owner_module_id`, `group_id`, `code_id`, `display`, `sort_index`, `is_delete`) values('494227b31ef0401b9db025c8eea811d6','057a604e3daf424ab15b67cf3d91aa05','7dc4076bb7e04dd3916b3bdae9289dd2','7dc4076bb7e04dd3916b3bdae9289dd2','852a197f2b8b47bd8c614685b0f6d5ca','0','3','0');
insert into `cmdb_v3_module_code_setting` (`id`, `module_id`, `owner_module_id`, `group_id`, `code_id`, `display`, `sort_index`, `is_delete`) values('d5dfa0b766af45c6af5bdb541d34abee','057a604e3daf424ab15b67cf3d91aa05','057a604e3daf424ab15b67cf3d91aa05','9a4ffb2634824648ab28d3cfb2d351f1','87b807e9ec714394b80abf40ce867cb6','0','4','0');
insert into `cmdb_v3_module_code_setting` (`id`, `module_id`, `owner_module_id`, `group_id`, `code_id`, `display`, `sort_index`, `is_delete`) values('91f2d108bc8746c8b77ed5289d56ef03','057a604e3daf424ab15b67cf3d91aa05','7dc4076bb7e04dd3916b3bdae9289dd2','7dc4076bb7e04dd3916b3bdae9289dd2','aee69d893222477faedb74cf511c1174','0','1','0');
insert into `cmdb_v3_module_code_setting` (`id`, `module_id`, `owner_module_id`, `group_id`, `code_id`, `display`, `sort_index`, `is_delete`) values('9caa4fbbeecc4b769c57bec7948de814','057a604e3daf424ab15b67cf3d91aa05','7dc4076bb7e04dd3916b3bdae9289dd2','7dc4076bb7e04dd3916b3bdae9289dd2','b82ec9052ab344d8adbca8532a03e552','0','4','0');
insert into `cmdb_v3_module_code_setting` (`id`, `module_id`, `owner_module_id`, `group_id`, `code_id`, `display`, `sort_index`, `is_delete`) values('ac5c3b22a5ad43c5902da7c659c5b036','057a604e3daf424ab15b67cf3d91aa05','7dc4076bb7e04dd3916b3bdae9289dd2','7dc4076bb7e04dd3916b3bdae9289dd2','bab7a370b45746bc92c8aadcafec3153','0','2','0');
insert into `cmdb_v3_module_code_setting` (`id`, `module_id`, `owner_module_id`, `group_id`, `code_id`, `display`, `sort_index`, `is_delete`) values('b803ec5b25bb4f529354bddfbb74573d','057a604e3daf424ab15b67cf3d91aa05','057a604e3daf424ab15b67cf3d91aa05','9a4ffb2634824648ab28d3cfb2d351f1','e5ba1ca8a4704ed186bd2626dcfce2fc','0','2','0');
insert into `cmdb_v3_module_code_setting` (`id`, `module_id`, `owner_module_id`, `group_id`, `code_id`, `display`, `sort_index`, `is_delete`) values('6a19e6784ba94f67bad903c8675c9c9b','65de77fba09d4f0ba5717dc3edcbe158','7dc4076bb7e04dd3916b3bdae9289dd2','7dc4076bb7e04dd3916b3bdae9289dd2','1956b3765ae6491ca71f2f251cb7f2bc','0','6','0');
insert into `cmdb_v3_module_code_setting` (`id`, `module_id`, `owner_module_id`, `group_id`, `code_id`, `display`, `sort_index`, `is_delete`) values('168bfc948125450291dc61764d648057','65de77fba09d4f0ba5717dc3edcbe158','65de77fba09d4f0ba5717dc3edcbe158','9c842e2dddac409e9f6cd87f984ce556','1c7871e736d94fb0880a7284475050db','0','6','0');
insert into `cmdb_v3_module_code_setting` (`id`, `module_id`, `owner_module_id`, `group_id`, `code_id`, `display`, `sort_index`, `is_delete`) values('7850d0697cd349c9b46678a533304883','65de77fba09d4f0ba5717dc3edcbe158','65de77fba09d4f0ba5717dc3edcbe158','9c842e2dddac409e9f6cd87f984ce556','2d7527869ee54c51960efca19386c375','0','8','0');
insert into `cmdb_v3_module_code_setting` (`id`, `module_id`, `owner_module_id`, `group_id`, `code_id`, `display`, `sort_index`, `is_delete`) values('764c33f046594658809407b0fc750859','65de77fba09d4f0ba5717dc3edcbe158','65de77fba09d4f0ba5717dc3edcbe158','9c842e2dddac409e9f6cd87f984ce556','2db83e2cf6574a45a3bb7e6e3f31a92c','0','16','0');
insert into `cmdb_v3_module_code_setting` (`id`, `module_id`, `owner_module_id`, `group_id`, `code_id`, `display`, `sort_index`, `is_delete`) values('9fa7c262f0d44f4890f78677b39035a5','65de77fba09d4f0ba5717dc3edcbe158','65de77fba09d4f0ba5717dc3edcbe158','9c842e2dddac409e9f6cd87f984ce556','38adc7f8b38249d0b8f7275c603d2263','0','3','0');
insert into `cmdb_v3_module_code_setting` (`id`, `module_id`, `owner_module_id`, `group_id`, `code_id`, `display`, `sort_index`, `is_delete`) values('5b17fb6ef3a74de6b8c07e62def2773b','65de77fba09d4f0ba5717dc3edcbe158','65de77fba09d4f0ba5717dc3edcbe158','9c842e2dddac409e9f6cd87f984ce556','3cc9a0f22e3647c49a0c90096d7831b5','0','11','0');
insert into `cmdb_v3_module_code_setting` (`id`, `module_id`, `owner_module_id`, `group_id`, `code_id`, `display`, `sort_index`, `is_delete`) values('103db67b19754c46b25d3a237503954c','65de77fba09d4f0ba5717dc3edcbe158','7dc4076bb7e04dd3916b3bdae9289dd2','7dc4076bb7e04dd3916b3bdae9289dd2','4ed5ed16917e478592cff0e8ef7f8578','0','5','0');
insert into `cmdb_v3_module_code_setting` (`id`, `module_id`, `owner_module_id`, `group_id`, `code_id`, `display`, `sort_index`, `is_delete`) values('30e5238c2b72481fb263c129d203ed53','65de77fba09d4f0ba5717dc3edcbe158','65de77fba09d4f0ba5717dc3edcbe158','9c842e2dddac409e9f6cd87f984ce556','61ec9218182c465e8a1037f0cb16834b','0','12','0');
insert into `cmdb_v3_module_code_setting` (`id`, `module_id`, `owner_module_id`, `group_id`, `code_id`, `display`, `sort_index`, `is_delete`) values('afc98866a681460cabd91da31bdffc7a','65de77fba09d4f0ba5717dc3edcbe158','65de77fba09d4f0ba5717dc3edcbe158','9c842e2dddac409e9f6cd87f984ce556','61f673ec7e114350a4fce9237911d0a6','0','5','0');
insert into `cmdb_v3_module_code_setting` (`id`, `module_id`, `owner_module_id`, `group_id`, `code_id`, `display`, `sort_index`, `is_delete`) values('c00421b62ffa49a8b8dcea36a15cf047','65de77fba09d4f0ba5717dc3edcbe158','65de77fba09d4f0ba5717dc3edcbe158','9c842e2dddac409e9f6cd87f984ce556','6342b4c6d85b413886d661c9ee976bcf','0','13','0');
insert into `cmdb_v3_module_code_setting` (`id`, `module_id`, `owner_module_id`, `group_id`, `code_id`, `display`, `sort_index`, `is_delete`) values('e3cb0e5c224a4cb9844610da0c3877f1','65de77fba09d4f0ba5717dc3edcbe158','65de77fba09d4f0ba5717dc3edcbe158','9c842e2dddac409e9f6cd87f984ce556','6d5a993b6090462490331e33053373a7','0','1','0');
insert into `cmdb_v3_module_code_setting` (`id`, `module_id`, `owner_module_id`, `group_id`, `code_id`, `display`, `sort_index`, `is_delete`) values('865374fbfc794eddb8b489584c177e3b','65de77fba09d4f0ba5717dc3edcbe158','65de77fba09d4f0ba5717dc3edcbe158','9c842e2dddac409e9f6cd87f984ce556','72031eceec9e44959a89a1e89fa442c7','0','9','0');
insert into `cmdb_v3_module_code_setting` (`id`, `module_id`, `owner_module_id`, `group_id`, `code_id`, `display`, `sort_index`, `is_delete`) values('a65ce7dceb5844bda7fc0d98c6b5c2c7','65de77fba09d4f0ba5717dc3edcbe158','7dc4076bb7e04dd3916b3bdae9289dd2','7dc4076bb7e04dd3916b3bdae9289dd2','852a197f2b8b47bd8c614685b0f6d5ca','0','3','0');
insert into `cmdb_v3_module_code_setting` (`id`, `module_id`, `owner_module_id`, `group_id`, `code_id`, `display`, `sort_index`, `is_delete`) values('0324cb3f23bf40dbbcfeee7deaedcbaa','65de77fba09d4f0ba5717dc3edcbe158','7dc4076bb7e04dd3916b3bdae9289dd2','7dc4076bb7e04dd3916b3bdae9289dd2','aee69d893222477faedb74cf511c1174','0','1','0');
insert into `cmdb_v3_module_code_setting` (`id`, `module_id`, `owner_module_id`, `group_id`, `code_id`, `display`, `sort_index`, `is_delete`) values('03de9ae009d6495bbdd6e0ccec9cfebb','65de77fba09d4f0ba5717dc3edcbe158','65de77fba09d4f0ba5717dc3edcbe158','9c842e2dddac409e9f6cd87f984ce556','b5d491bc01f54841ab3bc7be20935096','0','7','0');
insert into `cmdb_v3_module_code_setting` (`id`, `module_id`, `owner_module_id`, `group_id`, `code_id`, `display`, `sort_index`, `is_delete`) values('6b5de744186b498caf2895846a3ed2a5','65de77fba09d4f0ba5717dc3edcbe158','65de77fba09d4f0ba5717dc3edcbe158','9c842e2dddac409e9f6cd87f984ce556','b77b695542cf48a986519128b7de84bd','0','17','0');
insert into `cmdb_v3_module_code_setting` (`id`, `module_id`, `owner_module_id`, `group_id`, `code_id`, `display`, `sort_index`, `is_delete`) values('08919890dc5342eabef5d7734c6de76c','65de77fba09d4f0ba5717dc3edcbe158','7dc4076bb7e04dd3916b3bdae9289dd2','7dc4076bb7e04dd3916b3bdae9289dd2','b82ec9052ab344d8adbca8532a03e552','0','4','0');
insert into `cmdb_v3_module_code_setting` (`id`, `module_id`, `owner_module_id`, `group_id`, `code_id`, `display`, `sort_index`, `is_delete`) values('57f5ebe8911845a8a5d47eebf1fc4ddb','65de77fba09d4f0ba5717dc3edcbe158','7dc4076bb7e04dd3916b3bdae9289dd2','7dc4076bb7e04dd3916b3bdae9289dd2','bab7a370b45746bc92c8aadcafec3153','0','2','0');
insert into `cmdb_v3_module_code_setting` (`id`, `module_id`, `owner_module_id`, `group_id`, `code_id`, `display`, `sort_index`, `is_delete`) values('baf9cb58dc6f491096f387ccf6353ebb','65de77fba09d4f0ba5717dc3edcbe158','65de77fba09d4f0ba5717dc3edcbe158','9c842e2dddac409e9f6cd87f984ce556','c5ea323139d647f8ae1222eaa71727fb','0','14','0');
insert into `cmdb_v3_module_code_setting` (`id`, `module_id`, `owner_module_id`, `group_id`, `code_id`, `display`, `sort_index`, `is_delete`) values('b483078b4f634fe684ae55ba395fadd6','65de77fba09d4f0ba5717dc3edcbe158','65de77fba09d4f0ba5717dc3edcbe158','9c842e2dddac409e9f6cd87f984ce556','e5ba1ca8a4704ed186bd2626dcfce2fc','0','2','0');
insert into `cmdb_v3_module_code_setting` (`id`, `module_id`, `owner_module_id`, `group_id`, `code_id`, `display`, `sort_index`, `is_delete`) values('7a6346faba6a46c3a72799f87e5512ff','65de77fba09d4f0ba5717dc3edcbe158','65de77fba09d4f0ba5717dc3edcbe158','9c842e2dddac409e9f6cd87f984ce556','ecf4d74ed1ca4c10bdbbee0236bfa28e','0','10','0');
insert into `cmdb_v3_module_code_setting` (`id`, `module_id`, `owner_module_id`, `group_id`, `code_id`, `display`, `sort_index`, `is_delete`) values('6d2992ccd3094239a10317f302710b46','65de77fba09d4f0ba5717dc3edcbe158','65de77fba09d4f0ba5717dc3edcbe158','9c842e2dddac409e9f6cd87f984ce556','effcd4e42e124f129c65fb2ef2503cd3','0','4','0');
insert into `cmdb_v3_module_code_setting` (`id`, `module_id`, `owner_module_id`, `group_id`, `code_id`, `display`, `sort_index`, `is_delete`) values('17713d725ed44d5892fedfa18f699c7c','65de77fba09d4f0ba5717dc3edcbe158','65de77fba09d4f0ba5717dc3edcbe158','9c842e2dddac409e9f6cd87f984ce556','f4bbbed53e2145749bb67d37e1d5bfde','0','15','0');
insert into `cmdb_v3_module_code_setting` (`id`, `module_id`, `owner_module_id`, `group_id`, `code_id`, `display`, `sort_index`, `is_delete`) values('9a9bdb5999c34671b040f6280e5418d5','65de77fba09d4f0ba5717dc3edcbe158','65de77fba09d4f0ba5717dc3edcbe158','9c842e2dddac409e9f6cd87f984ce556','f6bd3546e2f44987a986a02eb44e228e','0','18','0');
insert into `cmdb_v3_module_code_setting` (`id`, `module_id`, `owner_module_id`, `group_id`, `code_id`, `display`, `sort_index`, `is_delete`) values('e9867a12563c41f69b07382731844770','685816e36d564a9cad49148e07e7fab5','685816e36d564a9cad49148e07e7fab5','cb97a0dd5c3c45c8ad671a33bead252f','10a199ebc4aa447ea0beac7e504ff7ff','0','9','0');
insert into `cmdb_v3_module_code_setting` (`id`, `module_id`, `owner_module_id`, `group_id`, `code_id`, `display`, `sort_index`, `is_delete`) values('38b808bd03ff44339a2a9046ef9b26f7','685816e36d564a9cad49148e07e7fab5','685816e36d564a9cad49148e07e7fab5','cb97a0dd5c3c45c8ad671a33bead252f','10a47b0e77754353a31a5203794e8502','0','5','0');
insert into `cmdb_v3_module_code_setting` (`id`, `module_id`, `owner_module_id`, `group_id`, `code_id`, `display`, `sort_index`, `is_delete`) values('f9da247144894a70b7764ee5f030121c','685816e36d564a9cad49148e07e7fab5','685816e36d564a9cad49148e07e7fab5','cb97a0dd5c3c45c8ad671a33bead252f','19515fdd930743c8a82b626becf3be46','0','2','0');
insert into `cmdb_v3_module_code_setting` (`id`, `module_id`, `owner_module_id`, `group_id`, `code_id`, `display`, `sort_index`, `is_delete`) values('177ec19c01264fcebbf2622baf7526ba','685816e36d564a9cad49148e07e7fab5','7dc4076bb7e04dd3916b3bdae9289dd2','7dc4076bb7e04dd3916b3bdae9289dd2','1956b3765ae6491ca71f2f251cb7f2bc','0','6','0');
insert into `cmdb_v3_module_code_setting` (`id`, `module_id`, `owner_module_id`, `group_id`, `code_id`, `display`, `sort_index`, `is_delete`) values('41d4c9aadc6b415da77cea52eb8863a2','685816e36d564a9cad49148e07e7fab5','685816e36d564a9cad49148e07e7fab5','cb97a0dd5c3c45c8ad671a33bead252f','2154b967633043d382397a2c81022e89','0','13','0');
insert into `cmdb_v3_module_code_setting` (`id`, `module_id`, `owner_module_id`, `group_id`, `code_id`, `display`, `sort_index`, `is_delete`) values('0ca29f5bb3b4427db7f8d593cc0cf6cd','685816e36d564a9cad49148e07e7fab5','685816e36d564a9cad49148e07e7fab5','cb97a0dd5c3c45c8ad671a33bead252f','262d837c73774d6aa4d5dc98b43d8c61','0','11','0');
insert into `cmdb_v3_module_code_setting` (`id`, `module_id`, `owner_module_id`, `group_id`, `code_id`, `display`, `sort_index`, `is_delete`) values('b13dc20e5cb141f1b37373b5ca87fc83','685816e36d564a9cad49148e07e7fab5','685816e36d564a9cad49148e07e7fab5','cb97a0dd5c3c45c8ad671a33bead252f','38adc7f8b38249d0b8f7275c603d2263','0','4','0');
insert into `cmdb_v3_module_code_setting` (`id`, `module_id`, `owner_module_id`, `group_id`, `code_id`, `display`, `sort_index`, `is_delete`) values('af872165aa024d5abf8b3c8376151100','685816e36d564a9cad49148e07e7fab5','685816e36d564a9cad49148e07e7fab5','cb97a0dd5c3c45c8ad671a33bead252f','42c5d2c2bc4d4b36b3bf7a5e81ecad39','0','14','0');
insert into `cmdb_v3_module_code_setting` (`id`, `module_id`, `owner_module_id`, `group_id`, `code_id`, `display`, `sort_index`, `is_delete`) values('5ede46f6d65d46979a261a0fe33e9530','685816e36d564a9cad49148e07e7fab5','685816e36d564a9cad49148e07e7fab5','cb97a0dd5c3c45c8ad671a33bead252f','4c3cabf6db924d1eb686ea42cb400682','0','16','0');
insert into `cmdb_v3_module_code_setting` (`id`, `module_id`, `owner_module_id`, `group_id`, `code_id`, `display`, `sort_index`, `is_delete`) values('72170e6022c746899ec22bc6de66d2ab','685816e36d564a9cad49148e07e7fab5','7dc4076bb7e04dd3916b3bdae9289dd2','7dc4076bb7e04dd3916b3bdae9289dd2','4ed5ed16917e478592cff0e8ef7f8578','0','5','0');
insert into `cmdb_v3_module_code_setting` (`id`, `module_id`, `owner_module_id`, `group_id`, `code_id`, `display`, `sort_index`, `is_delete`) values('13af6a01520e4d819c113a8f81e2854d','685816e36d564a9cad49148e07e7fab5','685816e36d564a9cad49148e07e7fab5','cb97a0dd5c3c45c8ad671a33bead252f','5a869b5d47564a528ac3a60312f49754','0','12','0');
insert into `cmdb_v3_module_code_setting` (`id`, `module_id`, `owner_module_id`, `group_id`, `code_id`, `display`, `sort_index`, `is_delete`) values('cccc238e642c47f08434e7e688fc0931','685816e36d564a9cad49148e07e7fab5','685816e36d564a9cad49148e07e7fab5','cb97a0dd5c3c45c8ad671a33bead252f','6d5a993b6090462490331e33053373a7','0','1','0');
insert into `cmdb_v3_module_code_setting` (`id`, `module_id`, `owner_module_id`, `group_id`, `code_id`, `display`, `sort_index`, `is_delete`) values('a0714d206b7647e4a9d5e2a69818ff5e','685816e36d564a9cad49148e07e7fab5','7dc4076bb7e04dd3916b3bdae9289dd2','7dc4076bb7e04dd3916b3bdae9289dd2','852a197f2b8b47bd8c614685b0f6d5ca','0','3','0');
insert into `cmdb_v3_module_code_setting` (`id`, `module_id`, `owner_module_id`, `group_id`, `code_id`, `display`, `sort_index`, `is_delete`) values('af57c23a41fb4a1d935d8f0a70e384e8','685816e36d564a9cad49148e07e7fab5','685816e36d564a9cad49148e07e7fab5','cb97a0dd5c3c45c8ad671a33bead252f','91194d5b672041edaf73e4ce785d9786','0','10','0');
insert into `cmdb_v3_module_code_setting` (`id`, `module_id`, `owner_module_id`, `group_id`, `code_id`, `display`, `sort_index`, `is_delete`) values('9616c2e68f0741bbaa80060d27d6b81e','685816e36d564a9cad49148e07e7fab5','7dc4076bb7e04dd3916b3bdae9289dd2','7dc4076bb7e04dd3916b3bdae9289dd2','aee69d893222477faedb74cf511c1174','0','1','0');
insert into `cmdb_v3_module_code_setting` (`id`, `module_id`, `owner_module_id`, `group_id`, `code_id`, `display`, `sort_index`, `is_delete`) values('35f52bd443ae412f983473303a8f87de','685816e36d564a9cad49148e07e7fab5','685816e36d564a9cad49148e07e7fab5','cb97a0dd5c3c45c8ad671a33bead252f','b02f3609332046a8bdb9763860c2dbdb','0','8','0');
insert into `cmdb_v3_module_code_setting` (`id`, `module_id`, `owner_module_id`, `group_id`, `code_id`, `display`, `sort_index`, `is_delete`) values('b619da999a2447bc871b075b0e93a187','685816e36d564a9cad49148e07e7fab5','7dc4076bb7e04dd3916b3bdae9289dd2','7dc4076bb7e04dd3916b3bdae9289dd2','b82ec9052ab344d8adbca8532a03e552','0','4','0');
insert into `cmdb_v3_module_code_setting` (`id`, `module_id`, `owner_module_id`, `group_id`, `code_id`, `display`, `sort_index`, `is_delete`) values('5524209358b048a2afaeb751b4a243bd','685816e36d564a9cad49148e07e7fab5','7dc4076bb7e04dd3916b3bdae9289dd2','7dc4076bb7e04dd3916b3bdae9289dd2','bab7a370b45746bc92c8aadcafec3153','0','2','0');
insert into `cmdb_v3_module_code_setting` (`id`, `module_id`, `owner_module_id`, `group_id`, `code_id`, `display`, `sort_index`, `is_delete`) values('7c60b3f1f2464a94af5f8bd24df5c605','685816e36d564a9cad49148e07e7fab5','685816e36d564a9cad49148e07e7fab5','cb97a0dd5c3c45c8ad671a33bead252f','ce8ffde6d490447b8d38956377fb3e4e','0','15','0');
insert into `cmdb_v3_module_code_setting` (`id`, `module_id`, `owner_module_id`, `group_id`, `code_id`, `display`, `sort_index`, `is_delete`) values('425a77f2d54a4fd68a551548b11da451','685816e36d564a9cad49148e07e7fab5','685816e36d564a9cad49148e07e7fab5','cb97a0dd5c3c45c8ad671a33bead252f','e49a71c996244ee2a6f9a9f25b5fc052','0','7','0');
insert into `cmdb_v3_module_code_setting` (`id`, `module_id`, `owner_module_id`, `group_id`, `code_id`, `display`, `sort_index`, `is_delete`) values('105a0fc3f7f1402f8f5ffe18ece46de8','685816e36d564a9cad49148e07e7fab5','685816e36d564a9cad49148e07e7fab5','cb97a0dd5c3c45c8ad671a33bead252f','e5ba1ca8a4704ed186bd2626dcfce2fc','0','3','0');
insert into `cmdb_v3_module_code_setting` (`id`, `module_id`, `owner_module_id`, `group_id`, `code_id`, `display`, `sort_index`, `is_delete`) values('9ffa2f585d4840cd88a43af55df44405','685816e36d564a9cad49148e07e7fab5','685816e36d564a9cad49148e07e7fab5','cb97a0dd5c3c45c8ad671a33bead252f','ffbaeb6a31b845be9d99696410361e4c','0','6','0');
insert into `cmdb_v3_module_code_setting` (`id`, `module_id`, `owner_module_id`, `group_id`, `code_id`, `display`, `sort_index`, `is_delete`) values('84cb1ead20a54a49961f095701e6c195','6a3dea699eac446a99ef062549e34d70','6a3dea699eac446a99ef062549e34d70','d65c4631fe8b445d920f6077359f976c','02e8e6c86d244810b5b6e4032817bfde','0','9','0');
insert into `cmdb_v3_module_code_setting` (`id`, `module_id`, `owner_module_id`, `group_id`, `code_id`, `display`, `sort_index`, `is_delete`) values('050cf8439c8b431d98f9f32338254e19','6a3dea699eac446a99ef062549e34d70','6a3dea699eac446a99ef062549e34d70','d65c4631fe8b445d920f6077359f976c','16ae75238fbc4fe99d905f0181e0b184','0','6','0');
insert into `cmdb_v3_module_code_setting` (`id`, `module_id`, `owner_module_id`, `group_id`, `code_id`, `display`, `sort_index`, `is_delete`) values('21c5297b72ec4a07bf27bdd48abb5bea','6a3dea699eac446a99ef062549e34d70','7dc4076bb7e04dd3916b3bdae9289dd2','7dc4076bb7e04dd3916b3bdae9289dd2','1956b3765ae6491ca71f2f251cb7f2bc','0','6','0');
insert into `cmdb_v3_module_code_setting` (`id`, `module_id`, `owner_module_id`, `group_id`, `code_id`, `display`, `sort_index`, `is_delete`) values('106a09249af0423b9d5324d0166edbe9','6a3dea699eac446a99ef062549e34d70','6a3dea699eac446a99ef062549e34d70','d65c4631fe8b445d920f6077359f976c','1a47d988e8f947428035e9e6975e2394','0','40','0');
insert into `cmdb_v3_module_code_setting` (`id`, `module_id`, `owner_module_id`, `group_id`, `code_id`, `display`, `sort_index`, `is_delete`) values('074d0ac304f94aaba8f4992d473b773f','6a3dea699eac446a99ef062549e34d70','6a3dea699eac446a99ef062549e34d70','d65c4631fe8b445d920f6077359f976c','1c6ed726babe412d9bff0c51c2096208','0','25','0');
insert into `cmdb_v3_module_code_setting` (`id`, `module_id`, `owner_module_id`, `group_id`, `code_id`, `display`, `sort_index`, `is_delete`) values('12c5d927b4e44c2287bafd5cd78d4a86','6a3dea699eac446a99ef062549e34d70','6a3dea699eac446a99ef062549e34d70','d65c4631fe8b445d920f6077359f976c','28b46836af934e1bb9287abdb0bdcdd9','0','3','0');
insert into `cmdb_v3_module_code_setting` (`id`, `module_id`, `owner_module_id`, `group_id`, `code_id`, `display`, `sort_index`, `is_delete`) values('46c7a0ccdaeb4b1f9c82c3bf992ae176','6a3dea699eac446a99ef062549e34d70','6a3dea699eac446a99ef062549e34d70','d65c4631fe8b445d920f6077359f976c','29b613ea8a2542078a8110c21b9151ae','0','7','0');
insert into `cmdb_v3_module_code_setting` (`id`, `module_id`, `owner_module_id`, `group_id`, `code_id`, `display`, `sort_index`, `is_delete`) values('29bb0750722647238ed6ffab87efbbe6','6a3dea699eac446a99ef062549e34d70','6a3dea699eac446a99ef062549e34d70','d65c4631fe8b445d920f6077359f976c','2b128c9cd65d4e689e83c2cba0370eac','0','16','0');
insert into `cmdb_v3_module_code_setting` (`id`, `module_id`, `owner_module_id`, `group_id`, `code_id`, `display`, `sort_index`, `is_delete`) values('03b42a92c65f484485cd8d8f12939981','6a3dea699eac446a99ef062549e34d70','6a3dea699eac446a99ef062549e34d70','d65c4631fe8b445d920f6077359f976c','38adc7f8b38249d0b8f7275c603d2263','0','8','0');
insert into `cmdb_v3_module_code_setting` (`id`, `module_id`, `owner_module_id`, `group_id`, `code_id`, `display`, `sort_index`, `is_delete`) values('dd900af48a2e47b8933f5c953c1bf9c4','6a3dea699eac446a99ef062549e34d70','6a3dea699eac446a99ef062549e34d70','d65c4631fe8b445d920f6077359f976c','4c5117c62e53457c9d8c08ded2290072','0','32','0');
insert into `cmdb_v3_module_code_setting` (`id`, `module_id`, `owner_module_id`, `group_id`, `code_id`, `display`, `sort_index`, `is_delete`) values('0f7756a2a8f54e739254e59e0bf1bc9a','6a3dea699eac446a99ef062549e34d70','7dc4076bb7e04dd3916b3bdae9289dd2','7dc4076bb7e04dd3916b3bdae9289dd2','4ed5ed16917e478592cff0e8ef7f8578','0','5','0');
insert into `cmdb_v3_module_code_setting` (`id`, `module_id`, `owner_module_id`, `group_id`, `code_id`, `display`, `sort_index`, `is_delete`) values('1f72a99050a24c3caa1f85227455b2a4','6a3dea699eac446a99ef062549e34d70','6a3dea699eac446a99ef062549e34d70','d65c4631fe8b445d920f6077359f976c','545e93c0dbfa47009d370d17038791c8','0','30','0');
insert into `cmdb_v3_module_code_setting` (`id`, `module_id`, `owner_module_id`, `group_id`, `code_id`, `display`, `sort_index`, `is_delete`) values('5cd6269c22c0479da79541189f630410','6a3dea699eac446a99ef062549e34d70','6a3dea699eac446a99ef062549e34d70','d65c4631fe8b445d920f6077359f976c','5a1dc633b5104471b38775c71532d095','0','28','0');
insert into `cmdb_v3_module_code_setting` (`id`, `module_id`, `owner_module_id`, `group_id`, `code_id`, `display`, `sort_index`, `is_delete`) values('1e6711014fd045cfa417055e63f0b23d','6a3dea699eac446a99ef062549e34d70','6a3dea699eac446a99ef062549e34d70','d65c4631fe8b445d920f6077359f976c','5a9d9393a44b4503a5fe2d00b35bbb51','0','41','0');
insert into `cmdb_v3_module_code_setting` (`id`, `module_id`, `owner_module_id`, `group_id`, `code_id`, `display`, `sort_index`, `is_delete`) values('b22b210175ad4dc093db74601d8b4419','6a3dea699eac446a99ef062549e34d70','6a3dea699eac446a99ef062549e34d70','d65c4631fe8b445d920f6077359f976c','5f1a8817483247a49f2e8c66424c45ab','0','10','0');
insert into `cmdb_v3_module_code_setting` (`id`, `module_id`, `owner_module_id`, `group_id`, `code_id`, `display`, `sort_index`, `is_delete`) values('162e95fc7e614c27b52d358dace40bb1','6a3dea699eac446a99ef062549e34d70','6a3dea699eac446a99ef062549e34d70','d65c4631fe8b445d920f6077359f976c','5f3a48e65fb44256b1c7dd414556ca6a','0','26','0');
insert into `cmdb_v3_module_code_setting` (`id`, `module_id`, `owner_module_id`, `group_id`, `code_id`, `display`, `sort_index`, `is_delete`) values('066d4cbbcbcc4140b95491a242887560','6a3dea699eac446a99ef062549e34d70','6a3dea699eac446a99ef062549e34d70','d65c4631fe8b445d920f6077359f976c','5f67644dadb84ab0aa4fec4d5e8bb632','0','20','0');
insert into `cmdb_v3_module_code_setting` (`id`, `module_id`, `owner_module_id`, `group_id`, `code_id`, `display`, `sort_index`, `is_delete`) values('b5db911e5b82442cafa93b6645bac239','6a3dea699eac446a99ef062549e34d70','6a3dea699eac446a99ef062549e34d70','d65c4631fe8b445d920f6077359f976c','6342b4c6d85b413886d661c9ee976bcf','0','21','0');
insert into `cmdb_v3_module_code_setting` (`id`, `module_id`, `owner_module_id`, `group_id`, `code_id`, `display`, `sort_index`, `is_delete`) values('e5c8f831297d482ea14d34638692c28f','6a3dea699eac446a99ef062549e34d70','6a3dea699eac446a99ef062549e34d70','d65c4631fe8b445d920f6077359f976c','6d5a993b6090462490331e33053373a7','0','1','0');
insert into `cmdb_v3_module_code_setting` (`id`, `module_id`, `owner_module_id`, `group_id`, `code_id`, `display`, `sort_index`, `is_delete`) values('271685d45e7c451bb4b8436dc4be1a7c','6a3dea699eac446a99ef062549e34d70','6a3dea699eac446a99ef062549e34d70','d65c4631fe8b445d920f6077359f976c','703545ef3a744b4298bba5f5130df2ef','0','13','0');
insert into `cmdb_v3_module_code_setting` (`id`, `module_id`, `owner_module_id`, `group_id`, `code_id`, `display`, `sort_index`, `is_delete`) values('f6107e82e4d24a68a9a302e9b75df735','6a3dea699eac446a99ef062549e34d70','6a3dea699eac446a99ef062549e34d70','d65c4631fe8b445d920f6077359f976c','7f158bb0f25d4c5cb2758e7d209d7b4c','0','17','0');
insert into `cmdb_v3_module_code_setting` (`id`, `module_id`, `owner_module_id`, `group_id`, `code_id`, `display`, `sort_index`, `is_delete`) values('ee9b07533b554486bef70e7285cedeec','6a3dea699eac446a99ef062549e34d70','6a3dea699eac446a99ef062549e34d70','d65c4631fe8b445d920f6077359f976c','80554ae027104b3abbabdc4ab0323a80','0','35','0');
insert into `cmdb_v3_module_code_setting` (`id`, `module_id`, `owner_module_id`, `group_id`, `code_id`, `display`, `sort_index`, `is_delete`) values('1010d11e7bbd4071b5dd08b60fc6ebe0','6a3dea699eac446a99ef062549e34d70','7dc4076bb7e04dd3916b3bdae9289dd2','7dc4076bb7e04dd3916b3bdae9289dd2','852a197f2b8b47bd8c614685b0f6d5ca','0','3','0');
insert into `cmdb_v3_module_code_setting` (`id`, `module_id`, `owner_module_id`, `group_id`, `code_id`, `display`, `sort_index`, `is_delete`) values('a4d1927e24a141fabd32b304676e4f11','6a3dea699eac446a99ef062549e34d70','6a3dea699eac446a99ef062549e34d70','d65c4631fe8b445d920f6077359f976c','8c0b5b42d4a6453db380c4dd2f49f05c','0','11','0');
insert into `cmdb_v3_module_code_setting` (`id`, `module_id`, `owner_module_id`, `group_id`, `code_id`, `display`, `sort_index`, `is_delete`) values('4ddeb270dd69498b8ed8f0790f84df23','6a3dea699eac446a99ef062549e34d70','6a3dea699eac446a99ef062549e34d70','d65c4631fe8b445d920f6077359f976c','9081564081614aa08d0e90303c5706b8','0','39','0');
insert into `cmdb_v3_module_code_setting` (`id`, `module_id`, `owner_module_id`, `group_id`, `code_id`, `display`, `sort_index`, `is_delete`) values('442e7203cc584ebf86449c0cde3440eb','6a3dea699eac446a99ef062549e34d70','6a3dea699eac446a99ef062549e34d70','d65c4631fe8b445d920f6077359f976c','927a7ad71adb4825852e25f553d8a65c','0','36','0');
insert into `cmdb_v3_module_code_setting` (`id`, `module_id`, `owner_module_id`, `group_id`, `code_id`, `display`, `sort_index`, `is_delete`) values('f3c009815fe446e7870aa37b7494dd6f','6a3dea699eac446a99ef062549e34d70','6a3dea699eac446a99ef062549e34d70','d65c4631fe8b445d920f6077359f976c','9698f476787b4799a1da838a3bb2cb0e','0','5','0');
insert into `cmdb_v3_module_code_setting` (`id`, `module_id`, `owner_module_id`, `group_id`, `code_id`, `display`, `sort_index`, `is_delete`) values('b204d2812c17465598f2dc2d849596de','6a3dea699eac446a99ef062549e34d70','6a3dea699eac446a99ef062549e34d70','d65c4631fe8b445d920f6077359f976c','96e662da6dd84badb288531fbbdee591','0','4','0');
insert into `cmdb_v3_module_code_setting` (`id`, `module_id`, `owner_module_id`, `group_id`, `code_id`, `display`, `sort_index`, `is_delete`) values('f7c959b646b64a3fa9df1420e48145a3','6a3dea699eac446a99ef062549e34d70','6a3dea699eac446a99ef062549e34d70','d65c4631fe8b445d920f6077359f976c','9e2ae2fedafb406e9b8b1bb127ad8520','0','33','0');
insert into `cmdb_v3_module_code_setting` (`id`, `module_id`, `owner_module_id`, `group_id`, `code_id`, `display`, `sort_index`, `is_delete`) values('c7e8e6267dab4ac39ea268019d59ad4c','6a3dea699eac446a99ef062549e34d70','6a3dea699eac446a99ef062549e34d70','d65c4631fe8b445d920f6077359f976c','a41b3d4f70b247438f251a4a3e94fc98','0','14','0');
insert into `cmdb_v3_module_code_setting` (`id`, `module_id`, `owner_module_id`, `group_id`, `code_id`, `display`, `sort_index`, `is_delete`) values('bb825873767f48c5a33d5bdf8a4985b2','6a3dea699eac446a99ef062549e34d70','7dc4076bb7e04dd3916b3bdae9289dd2','7dc4076bb7e04dd3916b3bdae9289dd2','aee69d893222477faedb74cf511c1174','0','1','0');
insert into `cmdb_v3_module_code_setting` (`id`, `module_id`, `owner_module_id`, `group_id`, `code_id`, `display`, `sort_index`, `is_delete`) values('bf37155b8dda4079b5d4eaf93574cb67','6a3dea699eac446a99ef062549e34d70','6a3dea699eac446a99ef062549e34d70','d65c4631fe8b445d920f6077359f976c','b4f36e8a4b8e4965bb3a48b95637bd0d','0','34','0');
insert into `cmdb_v3_module_code_setting` (`id`, `module_id`, `owner_module_id`, `group_id`, `code_id`, `display`, `sort_index`, `is_delete`) values('1ccfd75bab3a4514bf396d361ae9cdb8','6a3dea699eac446a99ef062549e34d70','6a3dea699eac446a99ef062549e34d70','d65c4631fe8b445d920f6077359f976c','b77b695542cf48a986519128b7de84bd','0','24','0');
insert into `cmdb_v3_module_code_setting` (`id`, `module_id`, `owner_module_id`, `group_id`, `code_id`, `display`, `sort_index`, `is_delete`) values('d466aac50d374877a465c82072110de9','6a3dea699eac446a99ef062549e34d70','7dc4076bb7e04dd3916b3bdae9289dd2','7dc4076bb7e04dd3916b3bdae9289dd2','b82ec9052ab344d8adbca8532a03e552','0','4','0');
insert into `cmdb_v3_module_code_setting` (`id`, `module_id`, `owner_module_id`, `group_id`, `code_id`, `display`, `sort_index`, `is_delete`) values('dd2ce7ad57b14a48b75c737cd030c6f0','6a3dea699eac446a99ef062549e34d70','6a3dea699eac446a99ef062549e34d70','d65c4631fe8b445d920f6077359f976c','b9d781e34de240bc9a29f01c5ffdf97f','0','12','0');
insert into `cmdb_v3_module_code_setting` (`id`, `module_id`, `owner_module_id`, `group_id`, `code_id`, `display`, `sort_index`, `is_delete`) values('ebbbed1359514686a4f4479ba1e581be','6a3dea699eac446a99ef062549e34d70','7dc4076bb7e04dd3916b3bdae9289dd2','7dc4076bb7e04dd3916b3bdae9289dd2','bab7a370b45746bc92c8aadcafec3153','0','2','0');
insert into `cmdb_v3_module_code_setting` (`id`, `module_id`, `owner_module_id`, `group_id`, `code_id`, `display`, `sort_index`, `is_delete`) values('271c54406a99409eb0f005faacd78ee3','6a3dea699eac446a99ef062549e34d70','6a3dea699eac446a99ef062549e34d70','d65c4631fe8b445d920f6077359f976c','c40696cce3e646baaee95fad23ae11d8','0','42','0');
insert into `cmdb_v3_module_code_setting` (`id`, `module_id`, `owner_module_id`, `group_id`, `code_id`, `display`, `sort_index`, `is_delete`) values('4fa419e205be45bab15e019dd63b20e8','6a3dea699eac446a99ef062549e34d70','6a3dea699eac446a99ef062549e34d70','d65c4631fe8b445d920f6077359f976c','cdc61402eb644269bb62a4c096afa23c','0','15','0');
insert into `cmdb_v3_module_code_setting` (`id`, `module_id`, `owner_module_id`, `group_id`, `code_id`, `display`, `sort_index`, `is_delete`) values('632fe61c10df4574a8971df8663a61a6','6a3dea699eac446a99ef062549e34d70','6a3dea699eac446a99ef062549e34d70','d65c4631fe8b445d920f6077359f976c','d041436b8f9b424d8a4c21b800e65a1d','0','43','0');
insert into `cmdb_v3_module_code_setting` (`id`, `module_id`, `owner_module_id`, `group_id`, `code_id`, `display`, `sort_index`, `is_delete`) values('cebef79364d14f138b5413c71f88336c','6a3dea699eac446a99ef062549e34d70','6a3dea699eac446a99ef062549e34d70','d65c4631fe8b445d920f6077359f976c','d24d6f67d7b34c87bd3d230817abc9b4','0','37','0');
insert into `cmdb_v3_module_code_setting` (`id`, `module_id`, `owner_module_id`, `group_id`, `code_id`, `display`, `sort_index`, `is_delete`) values('d415f28887bb4e91bccea404d29dedd0','6a3dea699eac446a99ef062549e34d70','6a3dea699eac446a99ef062549e34d70','d65c4631fe8b445d920f6077359f976c','d2b2a941eb7a43d683ac37b1b58a8c2a','0','38','0');
insert into `cmdb_v3_module_code_setting` (`id`, `module_id`, `owner_module_id`, `group_id`, `code_id`, `display`, `sort_index`, `is_delete`) values('53b70c0485994976885612d33ca601f5','6a3dea699eac446a99ef062549e34d70','6a3dea699eac446a99ef062549e34d70','d65c4631fe8b445d920f6077359f976c','d620b4d17d2f4a37a500b4892fa2ab5a','0','29','0');
insert into `cmdb_v3_module_code_setting` (`id`, `module_id`, `owner_module_id`, `group_id`, `code_id`, `display`, `sort_index`, `is_delete`) values('81f5a4e9e96d4e0687176eeaf3de591a','6a3dea699eac446a99ef062549e34d70','6a3dea699eac446a99ef062549e34d70','d65c4631fe8b445d920f6077359f976c','d7b3fe33fcd24c80a210983180941072','0','19','0');
insert into `cmdb_v3_module_code_setting` (`id`, `module_id`, `owner_module_id`, `group_id`, `code_id`, `display`, `sort_index`, `is_delete`) values('b19b2210340d49b58a0cf85f492461bb','6a3dea699eac446a99ef062549e34d70','6a3dea699eac446a99ef062549e34d70','d65c4631fe8b445d920f6077359f976c','e526c2d4049043eba112ecba15623311','0','31','0');
insert into `cmdb_v3_module_code_setting` (`id`, `module_id`, `owner_module_id`, `group_id`, `code_id`, `display`, `sort_index`, `is_delete`) values('02b19495b3a641f09523c136e953711c','6a3dea699eac446a99ef062549e34d70','6a3dea699eac446a99ef062549e34d70','d65c4631fe8b445d920f6077359f976c','e5ba1ca8a4704ed186bd2626dcfce2fc','0','2','0');
insert into `cmdb_v3_module_code_setting` (`id`, `module_id`, `owner_module_id`, `group_id`, `code_id`, `display`, `sort_index`, `is_delete`) values('e1b90e4a13de42fca49601aaa3ebe8b4','6a3dea699eac446a99ef062549e34d70','6a3dea699eac446a99ef062549e34d70','d65c4631fe8b445d920f6077359f976c','ecf4d74ed1ca4c10bdbbee0236bfa28e','0','18','0');
insert into `cmdb_v3_module_code_setting` (`id`, `module_id`, `owner_module_id`, `group_id`, `code_id`, `display`, `sort_index`, `is_delete`) values('9576aabd89ff4f53b5ce070d389bcfe1','6a3dea699eac446a99ef062549e34d70','6a3dea699eac446a99ef062549e34d70','d65c4631fe8b445d920f6077359f976c','f4bbbed53e2145749bb67d37e1d5bfde','0','23','0');
insert into `cmdb_v3_module_code_setting` (`id`, `module_id`, `owner_module_id`, `group_id`, `code_id`, `display`, `sort_index`, `is_delete`) values('fbe48009c22b41dfa1129de17364805a','6a3dea699eac446a99ef062549e34d70','6a3dea699eac446a99ef062549e34d70','d65c4631fe8b445d920f6077359f976c','f9cef30e969943b98f9cfe2204c7e4c6','0','22','0');
insert into `cmdb_v3_module_code_setting` (`id`, `module_id`, `owner_module_id`, `group_id`, `code_id`, `display`, `sort_index`, `is_delete`) values('30858495f79c418d998c651b76d8a6ee','6a3dea699eac446a99ef062549e34d70','6a3dea699eac446a99ef062549e34d70','d65c4631fe8b445d920f6077359f976c','ff3e01512b5f4c388697f4d82b6f4ca9','0','27','0');
insert into `cmdb_v3_module_code_setting` (`id`, `module_id`, `owner_module_id`, `group_id`, `code_id`, `display`, `sort_index`, `is_delete`) values('6b503aaba33648cc9b99e5cef9b1c4be','7635801cbebc4492b28b5ff5cab79f80','7dc4076bb7e04dd3916b3bdae9289dd2','7dc4076bb7e04dd3916b3bdae9289dd2','1956b3765ae6491ca71f2f251cb7f2bc','0','6','0');
insert into `cmdb_v3_module_code_setting` (`id`, `module_id`, `owner_module_id`, `group_id`, `code_id`, `display`, `sort_index`, `is_delete`) values('de14735e6af0497493973438e5d34066','7635801cbebc4492b28b5ff5cab79f80','7dc4076bb7e04dd3916b3bdae9289dd2','7dc4076bb7e04dd3916b3bdae9289dd2','4ed5ed16917e478592cff0e8ef7f8578','0','5','0');
insert into `cmdb_v3_module_code_setting` (`id`, `module_id`, `owner_module_id`, `group_id`, `code_id`, `display`, `sort_index`, `is_delete`) values('96a33ac026fd4381a8ef7afae3412510','7635801cbebc4492b28b5ff5cab79f80','7dc4076bb7e04dd3916b3bdae9289dd2','7dc4076bb7e04dd3916b3bdae9289dd2','852a197f2b8b47bd8c614685b0f6d5ca','0','3','0');
insert into `cmdb_v3_module_code_setting` (`id`, `module_id`, `owner_module_id`, `group_id`, `code_id`, `display`, `sort_index`, `is_delete`) values('d0202027ce0946969ce9e4d8d1f64075','7635801cbebc4492b28b5ff5cab79f80','7dc4076bb7e04dd3916b3bdae9289dd2','7dc4076bb7e04dd3916b3bdae9289dd2','aee69d893222477faedb74cf511c1174','0','1','0');
insert into `cmdb_v3_module_code_setting` (`id`, `module_id`, `owner_module_id`, `group_id`, `code_id`, `display`, `sort_index`, `is_delete`) values('f6fb272cc53241d097e29b7f388d0454','7635801cbebc4492b28b5ff5cab79f80','7dc4076bb7e04dd3916b3bdae9289dd2','7dc4076bb7e04dd3916b3bdae9289dd2','b82ec9052ab344d8adbca8532a03e552','0','4','0');
insert into `cmdb_v3_module_code_setting` (`id`, `module_id`, `owner_module_id`, `group_id`, `code_id`, `display`, `sort_index`, `is_delete`) values('4148644f534a447195822b6bedce1629','7635801cbebc4492b28b5ff5cab79f80','7dc4076bb7e04dd3916b3bdae9289dd2','7dc4076bb7e04dd3916b3bdae9289dd2','bab7a370b45746bc92c8aadcafec3153','0','2','0');
insert into `cmdb_v3_module_code_setting` (`id`, `module_id`, `owner_module_id`, `group_id`, `code_id`, `display`, `sort_index`, `is_delete`) values('db3567b48bda457f97da7ca949d0ac82','789378de309e48d6aa5bef7a529d84d8','789378de309e48d6aa5bef7a529d84d8','59858220fde64ae580689786cf5bff7c','0068004cd523439eb3ab72c0d46c6e48','0','4','0');
insert into `cmdb_v3_module_code_setting` (`id`, `module_id`, `owner_module_id`, `group_id`, `code_id`, `display`, `sort_index`, `is_delete`) values('1acc9262bfb841c4868e3d3c0e68675f','789378de309e48d6aa5bef7a529d84d8','789378de309e48d6aa5bef7a529d84d8','59858220fde64ae580689786cf5bff7c','08aaac15a7f14f89a6ecfa3c71629faa','0','5','0');
insert into `cmdb_v3_module_code_setting` (`id`, `module_id`, `owner_module_id`, `group_id`, `code_id`, `display`, `sort_index`, `is_delete`) values('c664d0377b0548d090057fb068d64ac6','789378de309e48d6aa5bef7a529d84d8','7dc4076bb7e04dd3916b3bdae9289dd2','7dc4076bb7e04dd3916b3bdae9289dd2','1956b3765ae6491ca71f2f251cb7f2bc','0','6','0');
insert into `cmdb_v3_module_code_setting` (`id`, `module_id`, `owner_module_id`, `group_id`, `code_id`, `display`, `sort_index`, `is_delete`) values('8df119d9d0584d77a67603aeb3d4435e','789378de309e48d6aa5bef7a529d84d8','789378de309e48d6aa5bef7a529d84d8','59858220fde64ae580689786cf5bff7c','38adc7f8b38249d0b8f7275c603d2263','0','3','0');
insert into `cmdb_v3_module_code_setting` (`id`, `module_id`, `owner_module_id`, `group_id`, `code_id`, `display`, `sort_index`, `is_delete`) values('28ed0743c4004aa8bb0e6d28cdaa1a2b','789378de309e48d6aa5bef7a529d84d8','789378de309e48d6aa5bef7a529d84d8','59858220fde64ae580689786cf5bff7c','3e29ae5a23ac4a2d8d76cb9c6b8dd405','0','6','0');
insert into `cmdb_v3_module_code_setting` (`id`, `module_id`, `owner_module_id`, `group_id`, `code_id`, `display`, `sort_index`, `is_delete`) values('917262116e1e42c98dccd300accbb8dc','789378de309e48d6aa5bef7a529d84d8','7dc4076bb7e04dd3916b3bdae9289dd2','7dc4076bb7e04dd3916b3bdae9289dd2','4ed5ed16917e478592cff0e8ef7f8578','0','5','0');
insert into `cmdb_v3_module_code_setting` (`id`, `module_id`, `owner_module_id`, `group_id`, `code_id`, `display`, `sort_index`, `is_delete`) values('51ccbf0dec5e461684e6d25d27ee9b1e','789378de309e48d6aa5bef7a529d84d8','789378de309e48d6aa5bef7a529d84d8','59858220fde64ae580689786cf5bff7c','526864469b9b402097ae7369416df79e','0','7','0');
insert into `cmdb_v3_module_code_setting` (`id`, `module_id`, `owner_module_id`, `group_id`, `code_id`, `display`, `sort_index`, `is_delete`) values('3f9c3e7a72f147eea09bd5d3fe6f40f4','789378de309e48d6aa5bef7a529d84d8','789378de309e48d6aa5bef7a529d84d8','59858220fde64ae580689786cf5bff7c','6d5a993b6090462490331e33053373a7','0','1','0');
insert into `cmdb_v3_module_code_setting` (`id`, `module_id`, `owner_module_id`, `group_id`, `code_id`, `display`, `sort_index`, `is_delete`) values('9ec46d199b274aa48ffae08decaaabcc','789378de309e48d6aa5bef7a529d84d8','789378de309e48d6aa5bef7a529d84d8','59858220fde64ae580689786cf5bff7c','7a5d8a1184ba47bfaff0eff08527e312','0','8','0');
insert into `cmdb_v3_module_code_setting` (`id`, `module_id`, `owner_module_id`, `group_id`, `code_id`, `display`, `sort_index`, `is_delete`) values('74cf616cd6a54092b21033d39d8b5b5e','789378de309e48d6aa5bef7a529d84d8','7dc4076bb7e04dd3916b3bdae9289dd2','7dc4076bb7e04dd3916b3bdae9289dd2','852a197f2b8b47bd8c614685b0f6d5ca','0','3','0');
insert into `cmdb_v3_module_code_setting` (`id`, `module_id`, `owner_module_id`, `group_id`, `code_id`, `display`, `sort_index`, `is_delete`) values('faec41a8ad644beb8e32ab2388ffa361','789378de309e48d6aa5bef7a529d84d8','7dc4076bb7e04dd3916b3bdae9289dd2','7dc4076bb7e04dd3916b3bdae9289dd2','aee69d893222477faedb74cf511c1174','0','1','0');
insert into `cmdb_v3_module_code_setting` (`id`, `module_id`, `owner_module_id`, `group_id`, `code_id`, `display`, `sort_index`, `is_delete`) values('89d4c677f19a4a3d91465200d8c6800e','789378de309e48d6aa5bef7a529d84d8','7dc4076bb7e04dd3916b3bdae9289dd2','7dc4076bb7e04dd3916b3bdae9289dd2','b82ec9052ab344d8adbca8532a03e552','0','4','0');
insert into `cmdb_v3_module_code_setting` (`id`, `module_id`, `owner_module_id`, `group_id`, `code_id`, `display`, `sort_index`, `is_delete`) values('8d861b97be91462bb7a849578f4a4501','789378de309e48d6aa5bef7a529d84d8','7dc4076bb7e04dd3916b3bdae9289dd2','7dc4076bb7e04dd3916b3bdae9289dd2','bab7a370b45746bc92c8aadcafec3153','0','2','0');
insert into `cmdb_v3_module_code_setting` (`id`, `module_id`, `owner_module_id`, `group_id`, `code_id`, `display`, `sort_index`, `is_delete`) values('6fafa6cd3e7748049db1492a645db1d3','789378de309e48d6aa5bef7a529d84d8','789378de309e48d6aa5bef7a529d84d8','59858220fde64ae580689786cf5bff7c','e5ba1ca8a4704ed186bd2626dcfce2fc','0','2','0');
insert into `cmdb_v3_module_code_setting` (`id`, `module_id`, `owner_module_id`, `group_id`, `code_id`, `display`, `sort_index`, `is_delete`) values('6f06d6fcdf094d448fa65553aa72f426','789378de309e48d6aa5bef7a529d84d8','789378de309e48d6aa5bef7a529d84d8','59858220fde64ae580689786cf5bff7c','f6c935091fc745d3bd0df688cb475adb','0','9','0');
insert into `cmdb_v3_module_code_setting` (`id`, `module_id`, `owner_module_id`, `group_id`, `code_id`, `display`, `sort_index`, `is_delete`) values('86b8def8b2ae45da9d8ca121d933ff9a','7dc4076bb7e04dd3916b3bdae9289dd2','7dc4076bb7e04dd3916b3bdae9289dd2','498b5040dd594daa97322377e3ba4df5','1956b3765ae6491ca71f2f251cb7f2bc','0','6','0');
insert into `cmdb_v3_module_code_setting` (`id`, `module_id`, `owner_module_id`, `group_id`, `code_id`, `display`, `sort_index`, `is_delete`) values('c8068a0a52b34789bcb822cfb6f85178','7dc4076bb7e04dd3916b3bdae9289dd2','7dc4076bb7e04dd3916b3bdae9289dd2','498b5040dd594daa97322377e3ba4df5','4ed5ed16917e478592cff0e8ef7f8578','0','5','0');
insert into `cmdb_v3_module_code_setting` (`id`, `module_id`, `owner_module_id`, `group_id`, `code_id`, `display`, `sort_index`, `is_delete`) values('e79db7c6abfe44658d833435d237c928','7dc4076bb7e04dd3916b3bdae9289dd2','7dc4076bb7e04dd3916b3bdae9289dd2','498b5040dd594daa97322377e3ba4df5','852a197f2b8b47bd8c614685b0f6d5ca','0','3','0');
insert into `cmdb_v3_module_code_setting` (`id`, `module_id`, `owner_module_id`, `group_id`, `code_id`, `display`, `sort_index`, `is_delete`) values('8ed8686d15094c7ea0a248df5183afa3','7dc4076bb7e04dd3916b3bdae9289dd2','7dc4076bb7e04dd3916b3bdae9289dd2','498b5040dd594daa97322377e3ba4df5','aee69d893222477faedb74cf511c1174','0','1','0');
insert into `cmdb_v3_module_code_setting` (`id`, `module_id`, `owner_module_id`, `group_id`, `code_id`, `display`, `sort_index`, `is_delete`) values('9497a33654c74d389f54235766d7638d','7dc4076bb7e04dd3916b3bdae9289dd2','7dc4076bb7e04dd3916b3bdae9289dd2','498b5040dd594daa97322377e3ba4df5','b82ec9052ab344d8adbca8532a03e552','0','4','0');
insert into `cmdb_v3_module_code_setting` (`id`, `module_id`, `owner_module_id`, `group_id`, `code_id`, `display`, `sort_index`, `is_delete`) values('1f90db4ea1b34edc9fb66669f4e66d39','7dc4076bb7e04dd3916b3bdae9289dd2','7dc4076bb7e04dd3916b3bdae9289dd2','498b5040dd594daa97322377e3ba4df5','bab7a370b45746bc92c8aadcafec3153','0','2','0');
insert into `cmdb_v3_module_code_setting` (`id`, `module_id`, `owner_module_id`, `group_id`, `code_id`, `display`, `sort_index`, `is_delete`) values('fb4c533c04e44ef389c73e1db7cd21dc','844b5f3a55824803a6a9f9b218fb9072','844b5f3a55824803a6a9f9b218fb9072','c0ee29c1ac4b4a1d812876825509a725','08aaac15a7f14f89a6ecfa3c71629faa','0','5','0');
insert into `cmdb_v3_module_code_setting` (`id`, `module_id`, `owner_module_id`, `group_id`, `code_id`, `display`, `sort_index`, `is_delete`) values('359bd37be16e49929b22071780f1401b','844b5f3a55824803a6a9f9b218fb9072','7dc4076bb7e04dd3916b3bdae9289dd2','7dc4076bb7e04dd3916b3bdae9289dd2','1956b3765ae6491ca71f2f251cb7f2bc','0','6','0');
insert into `cmdb_v3_module_code_setting` (`id`, `module_id`, `owner_module_id`, `group_id`, `code_id`, `display`, `sort_index`, `is_delete`) values('3dec54751f134c4c9cbc4c2dbcaa0953','844b5f3a55824803a6a9f9b218fb9072','844b5f3a55824803a6a9f9b218fb9072','c0ee29c1ac4b4a1d812876825509a725','38adc7f8b38249d0b8f7275c603d2263','0','3','0');
insert into `cmdb_v3_module_code_setting` (`id`, `module_id`, `owner_module_id`, `group_id`, `code_id`, `display`, `sort_index`, `is_delete`) values('cc948abe01804795b7a2a3058fb11be6','844b5f3a55824803a6a9f9b218fb9072','844b5f3a55824803a6a9f9b218fb9072','c0ee29c1ac4b4a1d812876825509a725','3e29ae5a23ac4a2d8d76cb9c6b8dd405','0','6','0');
insert into `cmdb_v3_module_code_setting` (`id`, `module_id`, `owner_module_id`, `group_id`, `code_id`, `display`, `sort_index`, `is_delete`) values('6d9d7ac519b848e295e6546046fd50dd','844b5f3a55824803a6a9f9b218fb9072','7dc4076bb7e04dd3916b3bdae9289dd2','7dc4076bb7e04dd3916b3bdae9289dd2','4ed5ed16917e478592cff0e8ef7f8578','0','5','0');
insert into `cmdb_v3_module_code_setting` (`id`, `module_id`, `owner_module_id`, `group_id`, `code_id`, `display`, `sort_index`, `is_delete`) values('9e7b3b905766462b87fb52925ac72fa8','844b5f3a55824803a6a9f9b218fb9072','844b5f3a55824803a6a9f9b218fb9072','c0ee29c1ac4b4a1d812876825509a725','526864469b9b402097ae7369416df79e','0','7','0');
insert into `cmdb_v3_module_code_setting` (`id`, `module_id`, `owner_module_id`, `group_id`, `code_id`, `display`, `sort_index`, `is_delete`) values('9abf3086d9a645bea32701c77aea938d','844b5f3a55824803a6a9f9b218fb9072','844b5f3a55824803a6a9f9b218fb9072','c0ee29c1ac4b4a1d812876825509a725','6d5a993b6090462490331e33053373a7','0','1','0');
insert into `cmdb_v3_module_code_setting` (`id`, `module_id`, `owner_module_id`, `group_id`, `code_id`, `display`, `sort_index`, `is_delete`) values('4f777649fe844de8ab15b5e2174f9dd9','844b5f3a55824803a6a9f9b218fb9072','844b5f3a55824803a6a9f9b218fb9072','c0ee29c1ac4b4a1d812876825509a725','7a5d8a1184ba47bfaff0eff08527e312','0','8','0');
insert into `cmdb_v3_module_code_setting` (`id`, `module_id`, `owner_module_id`, `group_id`, `code_id`, `display`, `sort_index`, `is_delete`) values('20c5c9940b6748d08175fa4cc50cf97b','844b5f3a55824803a6a9f9b218fb9072','7dc4076bb7e04dd3916b3bdae9289dd2','7dc4076bb7e04dd3916b3bdae9289dd2','852a197f2b8b47bd8c614685b0f6d5ca','0','3','0');
insert into `cmdb_v3_module_code_setting` (`id`, `module_id`, `owner_module_id`, `group_id`, `code_id`, `display`, `sort_index`, `is_delete`) values('206bf894781b4100b2f3547d06a86336','844b5f3a55824803a6a9f9b218fb9072','7dc4076bb7e04dd3916b3bdae9289dd2','7dc4076bb7e04dd3916b3bdae9289dd2','aee69d893222477faedb74cf511c1174','0','1','0');
insert into `cmdb_v3_module_code_setting` (`id`, `module_id`, `owner_module_id`, `group_id`, `code_id`, `display`, `sort_index`, `is_delete`) values('c17eb34713b240ff9af1edccd1b7b05e','844b5f3a55824803a6a9f9b218fb9072','7dc4076bb7e04dd3916b3bdae9289dd2','7dc4076bb7e04dd3916b3bdae9289dd2','b82ec9052ab344d8adbca8532a03e552','0','4','0');
insert into `cmdb_v3_module_code_setting` (`id`, `module_id`, `owner_module_id`, `group_id`, `code_id`, `display`, `sort_index`, `is_delete`) values('bb7e6ce22a7647aea58f1340b158d34d','844b5f3a55824803a6a9f9b218fb9072','7dc4076bb7e04dd3916b3bdae9289dd2','7dc4076bb7e04dd3916b3bdae9289dd2','bab7a370b45746bc92c8aadcafec3153','0','2','0');
insert into `cmdb_v3_module_code_setting` (`id`, `module_id`, `owner_module_id`, `group_id`, `code_id`, `display`, `sort_index`, `is_delete`) values('ad7739d1302a417a89ad52acbaf2bbad','844b5f3a55824803a6a9f9b218fb9072','844b5f3a55824803a6a9f9b218fb9072','c0ee29c1ac4b4a1d812876825509a725','e5ba1ca8a4704ed186bd2626dcfce2fc','0','2','0');
insert into `cmdb_v3_module_code_setting` (`id`, `module_id`, `owner_module_id`, `group_id`, `code_id`, `display`, `sort_index`, `is_delete`) values('8387cc8a05d84db4a91307f0eea536f3','844b5f3a55824803a6a9f9b218fb9072','844b5f3a55824803a6a9f9b218fb9072','c0ee29c1ac4b4a1d812876825509a725','f6c935091fc745d3bd0df688cb475adb','0','9','0');
insert into `cmdb_v3_module_code_setting` (`id`, `module_id`, `owner_module_id`, `group_id`, `code_id`, `display`, `sort_index`, `is_delete`) values('cc4419057a6b491e8a8490d39cf14991','844b5f3a55824803a6a9f9b218fb9072','844b5f3a55824803a6a9f9b218fb9072','c0ee29c1ac4b4a1d812876825509a725','f7887fb6e03e4df89b3b4c140de6adef','0','4','0');
insert into `cmdb_v3_module_code_setting` (`id`, `module_id`, `owner_module_id`, `group_id`, `code_id`, `display`, `sort_index`, `is_delete`) values('2ccd0c56850441eb85bf1d7ed663a61e','946da4b86e9245ef97b4e7524c0af7b5','946da4b86e9245ef97b4e7524c0af7b5','3b260f142bfe4b39905c2fe630057202','13a3fefef70747f881ab5eb2caaf6f25','0','5','0');
insert into `cmdb_v3_module_code_setting` (`id`, `module_id`, `owner_module_id`, `group_id`, `code_id`, `display`, `sort_index`, `is_delete`) values('832a9a5c519d4cafbc1569afd362a2ae','946da4b86e9245ef97b4e7524c0af7b5','7dc4076bb7e04dd3916b3bdae9289dd2','7dc4076bb7e04dd3916b3bdae9289dd2','1956b3765ae6491ca71f2f251cb7f2bc','0','6','0');
insert into `cmdb_v3_module_code_setting` (`id`, `module_id`, `owner_module_id`, `group_id`, `code_id`, `display`, `sort_index`, `is_delete`) values('458c3dc028a546ce9b7f7c3bf40a6483','946da4b86e9245ef97b4e7524c0af7b5','946da4b86e9245ef97b4e7524c0af7b5','3b260f142bfe4b39905c2fe630057202','2cbf1832eeb145ff984d1c745ffab305','0','9','0');
insert into `cmdb_v3_module_code_setting` (`id`, `module_id`, `owner_module_id`, `group_id`, `code_id`, `display`, `sort_index`, `is_delete`) values('4c3a6fec38d849a4bb23b17911a32008','946da4b86e9245ef97b4e7524c0af7b5','946da4b86e9245ef97b4e7524c0af7b5','3b260f142bfe4b39905c2fe630057202','38adc7f8b38249d0b8f7275c603d2263','0','3','0');
insert into `cmdb_v3_module_code_setting` (`id`, `module_id`, `owner_module_id`, `group_id`, `code_id`, `display`, `sort_index`, `is_delete`) values('fdc813c90d0040b1b48e038a08e77712','946da4b86e9245ef97b4e7524c0af7b5','946da4b86e9245ef97b4e7524c0af7b5','3b260f142bfe4b39905c2fe630057202','4780c632835b49a8a6f8cd2c21efcafa','0','10','0');
insert into `cmdb_v3_module_code_setting` (`id`, `module_id`, `owner_module_id`, `group_id`, `code_id`, `display`, `sort_index`, `is_delete`) values('12e19be28ccd4800811400dca6a70357','946da4b86e9245ef97b4e7524c0af7b5','946da4b86e9245ef97b4e7524c0af7b5','3b260f142bfe4b39905c2fe630057202','48f3efbaa4524c838a124083615f7bb2','0','7','0');
insert into `cmdb_v3_module_code_setting` (`id`, `module_id`, `owner_module_id`, `group_id`, `code_id`, `display`, `sort_index`, `is_delete`) values('1308bdfea4cd4ab687c22925845681e9','946da4b86e9245ef97b4e7524c0af7b5','7dc4076bb7e04dd3916b3bdae9289dd2','7dc4076bb7e04dd3916b3bdae9289dd2','4ed5ed16917e478592cff0e8ef7f8578','0','5','0');
insert into `cmdb_v3_module_code_setting` (`id`, `module_id`, `owner_module_id`, `group_id`, `code_id`, `display`, `sort_index`, `is_delete`) values('dc76e2b9a82c4055a176bb2aa5387f16','946da4b86e9245ef97b4e7524c0af7b5','946da4b86e9245ef97b4e7524c0af7b5','3b260f142bfe4b39905c2fe630057202','6d5a993b6090462490331e33053373a7','0','1','0');
insert into `cmdb_v3_module_code_setting` (`id`, `module_id`, `owner_module_id`, `group_id`, `code_id`, `display`, `sort_index`, `is_delete`) values('385124e289fb4f13907289c3da058385','946da4b86e9245ef97b4e7524c0af7b5','946da4b86e9245ef97b4e7524c0af7b5','3b260f142bfe4b39905c2fe630057202','7a5d8a1184ba47bfaff0eff08527e312','0','11','0');
insert into `cmdb_v3_module_code_setting` (`id`, `module_id`, `owner_module_id`, `group_id`, `code_id`, `display`, `sort_index`, `is_delete`) values('22dd28ad4f864016a833c2b6dc2d8f26','946da4b86e9245ef97b4e7524c0af7b5','7dc4076bb7e04dd3916b3bdae9289dd2','7dc4076bb7e04dd3916b3bdae9289dd2','852a197f2b8b47bd8c614685b0f6d5ca','0','3','0');
insert into `cmdb_v3_module_code_setting` (`id`, `module_id`, `owner_module_id`, `group_id`, `code_id`, `display`, `sort_index`, `is_delete`) values('6ab16d8c234e44518dba12e6daafcc8a','946da4b86e9245ef97b4e7524c0af7b5','946da4b86e9245ef97b4e7524c0af7b5','3b260f142bfe4b39905c2fe630057202','9cd19de010df44a4bdd06e248bebe7b8','0','4','0');
insert into `cmdb_v3_module_code_setting` (`id`, `module_id`, `owner_module_id`, `group_id`, `code_id`, `display`, `sort_index`, `is_delete`) values('17287f582f6842059571250ef508085d','946da4b86e9245ef97b4e7524c0af7b5','7dc4076bb7e04dd3916b3bdae9289dd2','7dc4076bb7e04dd3916b3bdae9289dd2','aee69d893222477faedb74cf511c1174','0','1','0');
insert into `cmdb_v3_module_code_setting` (`id`, `module_id`, `owner_module_id`, `group_id`, `code_id`, `display`, `sort_index`, `is_delete`) values('2a086b684a6c4fc5ae4ac6ff15ab0a53','946da4b86e9245ef97b4e7524c0af7b5','7dc4076bb7e04dd3916b3bdae9289dd2','7dc4076bb7e04dd3916b3bdae9289dd2','b82ec9052ab344d8adbca8532a03e552','0','4','0');
insert into `cmdb_v3_module_code_setting` (`id`, `module_id`, `owner_module_id`, `group_id`, `code_id`, `display`, `sort_index`, `is_delete`) values('aeeaef3f58fc4c419f0775dd18be82d7','946da4b86e9245ef97b4e7524c0af7b5','7dc4076bb7e04dd3916b3bdae9289dd2','7dc4076bb7e04dd3916b3bdae9289dd2','bab7a370b45746bc92c8aadcafec3153','0','2','0');
insert into `cmdb_v3_module_code_setting` (`id`, `module_id`, `owner_module_id`, `group_id`, `code_id`, `display`, `sort_index`, `is_delete`) values('0c10fb18fd94404c92c947c023871f12','946da4b86e9245ef97b4e7524c0af7b5','946da4b86e9245ef97b4e7524c0af7b5','3b260f142bfe4b39905c2fe630057202','d16eda2da6cb422cba761422bfb42e26','0','8','0');
insert into `cmdb_v3_module_code_setting` (`id`, `module_id`, `owner_module_id`, `group_id`, `code_id`, `display`, `sort_index`, `is_delete`) values('3b247fd7ac1d459291f895d5933c31e2','946da4b86e9245ef97b4e7524c0af7b5','946da4b86e9245ef97b4e7524c0af7b5','3b260f142bfe4b39905c2fe630057202','e5ba1ca8a4704ed186bd2626dcfce2fc','0','2','0');
insert into `cmdb_v3_module_code_setting` (`id`, `module_id`, `owner_module_id`, `group_id`, `code_id`, `display`, `sort_index`, `is_delete`) values('cd6a58e37c4644719ce5c9f837c6dda8','946da4b86e9245ef97b4e7524c0af7b5','946da4b86e9245ef97b4e7524c0af7b5','3b260f142bfe4b39905c2fe630057202','f2711f9908294ec3a3e96be0e78f25de','0','6','0');
insert into `cmdb_v3_module_code_setting` (`id`, `module_id`, `owner_module_id`, `group_id`, `code_id`, `display`, `sort_index`, `is_delete`) values('49ad889237544c978d13a4ceee771571','946da4b86e9245ef97b4e7524c0af7b5','946da4b86e9245ef97b4e7524c0af7b5','3b260f142bfe4b39905c2fe630057202','f6c935091fc745d3bd0df688cb475adb','0','12','0');
insert into `cmdb_v3_module_code_setting` (`id`, `module_id`, `owner_module_id`, `group_id`, `code_id`, `display`, `sort_index`, `is_delete`) values('d7be4bcac70c4744bc4f29ea2203109d','c7693f53ab3b4b76b13470c64713b7b6','c7693f53ab3b4b76b13470c64713b7b6','f1dcd614daad444eb228f8511070d2c4','0e71e6229cf44b2b8b4a27df4b329c2c','0','3','0');
insert into `cmdb_v3_module_code_setting` (`id`, `module_id`, `owner_module_id`, `group_id`, `code_id`, `display`, `sort_index`, `is_delete`) values('2bea6658f3fb4acca49f9affb0d55621','c7693f53ab3b4b76b13470c64713b7b6','7dc4076bb7e04dd3916b3bdae9289dd2','7dc4076bb7e04dd3916b3bdae9289dd2','1956b3765ae6491ca71f2f251cb7f2bc','0','6','0');
insert into `cmdb_v3_module_code_setting` (`id`, `module_id`, `owner_module_id`, `group_id`, `code_id`, `display`, `sort_index`, `is_delete`) values('5b32c1d175c5447ebd2d1c141d0b6512','c7693f53ab3b4b76b13470c64713b7b6','c7693f53ab3b4b76b13470c64713b7b6','f1dcd614daad444eb228f8511070d2c4','34e83a9b080c40dd942079ee9e955e4d','0','5','0');
insert into `cmdb_v3_module_code_setting` (`id`, `module_id`, `owner_module_id`, `group_id`, `code_id`, `display`, `sort_index`, `is_delete`) values('50c4abf318b84df288aac8af78d1dacf','c7693f53ab3b4b76b13470c64713b7b6','7dc4076bb7e04dd3916b3bdae9289dd2','7dc4076bb7e04dd3916b3bdae9289dd2','4ed5ed16917e478592cff0e8ef7f8578','0','5','0');
insert into `cmdb_v3_module_code_setting` (`id`, `module_id`, `owner_module_id`, `group_id`, `code_id`, `display`, `sort_index`, `is_delete`) values('282091b474214372b7b4f53357e0068b','c7693f53ab3b4b76b13470c64713b7b6','c7693f53ab3b4b76b13470c64713b7b6','f1dcd614daad444eb228f8511070d2c4','6d5a993b6090462490331e33053373a7','0','1','0');
insert into `cmdb_v3_module_code_setting` (`id`, `module_id`, `owner_module_id`, `group_id`, `code_id`, `display`, `sort_index`, `is_delete`) values('b96c177466174b329ea20b016c44dfb7','c7693f53ab3b4b76b13470c64713b7b6','7dc4076bb7e04dd3916b3bdae9289dd2','7dc4076bb7e04dd3916b3bdae9289dd2','852a197f2b8b47bd8c614685b0f6d5ca','0','3','0');
insert into `cmdb_v3_module_code_setting` (`id`, `module_id`, `owner_module_id`, `group_id`, `code_id`, `display`, `sort_index`, `is_delete`) values('adea427b820240c9a3037aafc23b983d','c7693f53ab3b4b76b13470c64713b7b6','7dc4076bb7e04dd3916b3bdae9289dd2','7dc4076bb7e04dd3916b3bdae9289dd2','aee69d893222477faedb74cf511c1174','0','1','0');
insert into `cmdb_v3_module_code_setting` (`id`, `module_id`, `owner_module_id`, `group_id`, `code_id`, `display`, `sort_index`, `is_delete`) values('475dc55b74564c849f52686fababacae','c7693f53ab3b4b76b13470c64713b7b6','7dc4076bb7e04dd3916b3bdae9289dd2','7dc4076bb7e04dd3916b3bdae9289dd2','b82ec9052ab344d8adbca8532a03e552','0','4','0');
insert into `cmdb_v3_module_code_setting` (`id`, `module_id`, `owner_module_id`, `group_id`, `code_id`, `display`, `sort_index`, `is_delete`) values('65fc518138704611b94171e8d10ce534','c7693f53ab3b4b76b13470c64713b7b6','7dc4076bb7e04dd3916b3bdae9289dd2','7dc4076bb7e04dd3916b3bdae9289dd2','bab7a370b45746bc92c8aadcafec3153','0','2','0');
insert into `cmdb_v3_module_code_setting` (`id`, `module_id`, `owner_module_id`, `group_id`, `code_id`, `display`, `sort_index`, `is_delete`) values('f9e69474083c4b768f8ce2b4aa696ddc','c7693f53ab3b4b76b13470c64713b7b6','c7693f53ab3b4b76b13470c64713b7b6','f1dcd614daad444eb228f8511070d2c4','ceecc1471f884350b7f712948c80d1dc','0','4','0');
insert into `cmdb_v3_module_code_setting` (`id`, `module_id`, `owner_module_id`, `group_id`, `code_id`, `display`, `sort_index`, `is_delete`) values('0bf527ac5a0247d1b1cc2278bdcc5aaa','c7693f53ab3b4b76b13470c64713b7b6','c7693f53ab3b4b76b13470c64713b7b6','f1dcd614daad444eb228f8511070d2c4','e5ba1ca8a4704ed186bd2626dcfce2fc','0','2','0');
insert into `cmdb_v3_module_code_setting` (`id`, `module_id`, `owner_module_id`, `group_id`, `code_id`, `display`, `sort_index`, `is_delete`) values('89a3be8d0e9442fc8e86a4cd837e9754','c7693f53ab3b4b76b13470c64713b7b6','c7693f53ab3b4b76b13470c64713b7b6','f1dcd614daad444eb228f8511070d2c4','f0e8e0833dad46ddac681f4569c065a6','0','6','0');
insert into `cmdb_v3_module_code_setting` (`id`, `module_id`, `owner_module_id`, `group_id`, `code_id`, `display`, `sort_index`, `is_delete`) values('3ae78358e75b4da4acabb68665224ff5','f6af5c6157e94b398fc4152d7888a5f6','7dc4076bb7e04dd3916b3bdae9289dd2','7dc4076bb7e04dd3916b3bdae9289dd2','1956b3765ae6491ca71f2f251cb7f2bc','0','6','0');
insert into `cmdb_v3_module_code_setting` (`id`, `module_id`, `owner_module_id`, `group_id`, `code_id`, `display`, `sort_index`, `is_delete`) values('5adc4c3f9855421c8cc1d0fa718c8388','f6af5c6157e94b398fc4152d7888a5f6','7dc4076bb7e04dd3916b3bdae9289dd2','7dc4076bb7e04dd3916b3bdae9289dd2','4ed5ed16917e478592cff0e8ef7f8578','0','5','0');
insert into `cmdb_v3_module_code_setting` (`id`, `module_id`, `owner_module_id`, `group_id`, `code_id`, `display`, `sort_index`, `is_delete`) values('618f70996f6541c9a7f13b43ce03ab1e','f6af5c6157e94b398fc4152d7888a5f6','7dc4076bb7e04dd3916b3bdae9289dd2','7dc4076bb7e04dd3916b3bdae9289dd2','852a197f2b8b47bd8c614685b0f6d5ca','0','3','0');
insert into `cmdb_v3_module_code_setting` (`id`, `module_id`, `owner_module_id`, `group_id`, `code_id`, `display`, `sort_index`, `is_delete`) values('5d617ca0b7304aa7bc216d4040e93ba6','f6af5c6157e94b398fc4152d7888a5f6','7dc4076bb7e04dd3916b3bdae9289dd2','7dc4076bb7e04dd3916b3bdae9289dd2','aee69d893222477faedb74cf511c1174','0','1','0');
insert into `cmdb_v3_module_code_setting` (`id`, `module_id`, `owner_module_id`, `group_id`, `code_id`, `display`, `sort_index`, `is_delete`) values('fffa4a1e475e4d979179b48205ff99a3','f6af5c6157e94b398fc4152d7888a5f6','7dc4076bb7e04dd3916b3bdae9289dd2','7dc4076bb7e04dd3916b3bdae9289dd2','b82ec9052ab344d8adbca8532a03e552','0','4','0');
insert into `cmdb_v3_module_code_setting` (`id`, `module_id`, `owner_module_id`, `group_id`, `code_id`, `display`, `sort_index`, `is_delete`) values('fcbaab6cd2e64e6aaef00d27be969d09','f6af5c6157e94b398fc4152d7888a5f6','7dc4076bb7e04dd3916b3bdae9289dd2','7dc4076bb7e04dd3916b3bdae9289dd2','bab7a370b45746bc92c8aadcafec3153','0','2','0');
insert into `cmdb_v3_module_code_setting` (`id`, `module_id`, `owner_module_id`, `group_id`, `code_id`, `display`, `sort_index`, `is_delete`) values('f44b9cff835c46f5809215f5e7f30f55','fec068f239af4f2d8e590c19a39967fd','fec068f239af4f2d8e590c19a39967fd','154b3a097f4648d79271ca2f292001e1','0068004cd523439eb3ab72c0d46c6e48','0','6','0');
insert into `cmdb_v3_module_code_setting` (`id`, `module_id`, `owner_module_id`, `group_id`, `code_id`, `display`, `sort_index`, `is_delete`) values('46ba2af869cf47e9a3cd9d079fc57eb0','fec068f239af4f2d8e590c19a39967fd','7dc4076bb7e04dd3916b3bdae9289dd2','7dc4076bb7e04dd3916b3bdae9289dd2','1956b3765ae6491ca71f2f251cb7f2bc','0','6','0');
insert into `cmdb_v3_module_code_setting` (`id`, `module_id`, `owner_module_id`, `group_id`, `code_id`, `display`, `sort_index`, `is_delete`) values('3787ec0cd320492ab68a1006633d73ac','fec068f239af4f2d8e590c19a39967fd','fec068f239af4f2d8e590c19a39967fd','154b3a097f4648d79271ca2f292001e1','31a27367b18d4612853eeb3d256ed581','0','12','0');
insert into `cmdb_v3_module_code_setting` (`id`, `module_id`, `owner_module_id`, `group_id`, `code_id`, `display`, `sort_index`, `is_delete`) values('9f02f3cda0a4420eb30004345c6a10d4','fec068f239af4f2d8e590c19a39967fd','fec068f239af4f2d8e590c19a39967fd','154b3a097f4648d79271ca2f292001e1','38adc7f8b38249d0b8f7275c603d2263','0','3','0');
insert into `cmdb_v3_module_code_setting` (`id`, `module_id`, `owner_module_id`, `group_id`, `code_id`, `display`, `sort_index`, `is_delete`) values('0427cd49bb054419bcc5dd467792d78c','fec068f239af4f2d8e590c19a39967fd','7dc4076bb7e04dd3916b3bdae9289dd2','7dc4076bb7e04dd3916b3bdae9289dd2','4ed5ed16917e478592cff0e8ef7f8578','0','5','0');
insert into `cmdb_v3_module_code_setting` (`id`, `module_id`, `owner_module_id`, `group_id`, `code_id`, `display`, `sort_index`, `is_delete`) values('d8e8cd052fcf4e8090cc8a043a958d36','fec068f239af4f2d8e590c19a39967fd','fec068f239af4f2d8e590c19a39967fd','154b3a097f4648d79271ca2f292001e1','5e2cabcf5ac14f9fa98075ea4fe53597','0','15','0');
insert into `cmdb_v3_module_code_setting` (`id`, `module_id`, `owner_module_id`, `group_id`, `code_id`, `display`, `sort_index`, `is_delete`) values('e50093b500834e2bb0e75dea85a6bac4','fec068f239af4f2d8e590c19a39967fd','fec068f239af4f2d8e590c19a39967fd','154b3a097f4648d79271ca2f292001e1','6d5a993b6090462490331e33053373a7','0','1','0');
insert into `cmdb_v3_module_code_setting` (`id`, `module_id`, `owner_module_id`, `group_id`, `code_id`, `display`, `sort_index`, `is_delete`) values('531ccaed775e47468cf70c3e4b23caf8','fec068f239af4f2d8e590c19a39967fd','fec068f239af4f2d8e590c19a39967fd','154b3a097f4648d79271ca2f292001e1','817c7eb5aba247a4a7e81cc8bd3da0ed','0','14','0');
insert into `cmdb_v3_module_code_setting` (`id`, `module_id`, `owner_module_id`, `group_id`, `code_id`, `display`, `sort_index`, `is_delete`) values('466272d7e18a40f2b990be80fcd87ead','fec068f239af4f2d8e590c19a39967fd','7dc4076bb7e04dd3916b3bdae9289dd2','7dc4076bb7e04dd3916b3bdae9289dd2','852a197f2b8b47bd8c614685b0f6d5ca','0','3','0');
insert into `cmdb_v3_module_code_setting` (`id`, `module_id`, `owner_module_id`, `group_id`, `code_id`, `display`, `sort_index`, `is_delete`) values('3679ac7fe5294df9b14a4be46199a1ba','fec068f239af4f2d8e590c19a39967fd','fec068f239af4f2d8e590c19a39967fd','154b3a097f4648d79271ca2f292001e1','8649d1065d3242cab35c76b066c98c17','0','11','0');
insert into `cmdb_v3_module_code_setting` (`id`, `module_id`, `owner_module_id`, `group_id`, `code_id`, `display`, `sort_index`, `is_delete`) values('f6cd9cf4873140dfa408bd4b3f443c62','fec068f239af4f2d8e590c19a39967fd','fec068f239af4f2d8e590c19a39967fd','154b3a097f4648d79271ca2f292001e1','88b26816340648088625ba7fa05e5b32','0','7','0');
insert into `cmdb_v3_module_code_setting` (`id`, `module_id`, `owner_module_id`, `group_id`, `code_id`, `display`, `sort_index`, `is_delete`) values('e79790de91b34de8a0ced204f9a76dfa','fec068f239af4f2d8e590c19a39967fd','fec068f239af4f2d8e590c19a39967fd','154b3a097f4648d79271ca2f292001e1','8cc6f8072de147f8a1db1753fff981cc','0','8','0');
insert into `cmdb_v3_module_code_setting` (`id`, `module_id`, `owner_module_id`, `group_id`, `code_id`, `display`, `sort_index`, `is_delete`) values('39085e8aae6f4ffe812d68a012dd71ad','fec068f239af4f2d8e590c19a39967fd','fec068f239af4f2d8e590c19a39967fd','154b3a097f4648d79271ca2f292001e1','90283cbd82cf4c7d97b35e82f9acedf4','0','4','0');
insert into `cmdb_v3_module_code_setting` (`id`, `module_id`, `owner_module_id`, `group_id`, `code_id`, `display`, `sort_index`, `is_delete`) values('56ebb749fdd3482cbaee86f7c296566d','fec068f239af4f2d8e590c19a39967fd','fec068f239af4f2d8e590c19a39967fd','154b3a097f4648d79271ca2f292001e1','a090c733849646fc881db0d54a0d3037','0','13','0');
insert into `cmdb_v3_module_code_setting` (`id`, `module_id`, `owner_module_id`, `group_id`, `code_id`, `display`, `sort_index`, `is_delete`) values('1457702d5f0844dc832e218b348395ea','fec068f239af4f2d8e590c19a39967fd','fec068f239af4f2d8e590c19a39967fd','154b3a097f4648d79271ca2f292001e1','a612399b0f7c48078806de3bf5ad15ff','0','10','0');
insert into `cmdb_v3_module_code_setting` (`id`, `module_id`, `owner_module_id`, `group_id`, `code_id`, `display`, `sort_index`, `is_delete`) values('dac356ef89e24176834638d5324386bc','fec068f239af4f2d8e590c19a39967fd','fec068f239af4f2d8e590c19a39967fd','154b3a097f4648d79271ca2f292001e1','ab5147355770455e9a21d593c75f7a38','0','9','0');
insert into `cmdb_v3_module_code_setting` (`id`, `module_id`, `owner_module_id`, `group_id`, `code_id`, `display`, `sort_index`, `is_delete`) values('df136c79f08847f0ab5e1d3ecbdc71c0','fec068f239af4f2d8e590c19a39967fd','7dc4076bb7e04dd3916b3bdae9289dd2','7dc4076bb7e04dd3916b3bdae9289dd2','aee69d893222477faedb74cf511c1174','0','1','0');
insert into `cmdb_v3_module_code_setting` (`id`, `module_id`, `owner_module_id`, `group_id`, `code_id`, `display`, `sort_index`, `is_delete`) values('a02c22fc0dfc468997b6b19852953575','fec068f239af4f2d8e590c19a39967fd','7dc4076bb7e04dd3916b3bdae9289dd2','7dc4076bb7e04dd3916b3bdae9289dd2','b82ec9052ab344d8adbca8532a03e552','0','4','0');
insert into `cmdb_v3_module_code_setting` (`id`, `module_id`, `owner_module_id`, `group_id`, `code_id`, `display`, `sort_index`, `is_delete`) values('8e17614647ba48019b052be53a63b877','fec068f239af4f2d8e590c19a39967fd','7dc4076bb7e04dd3916b3bdae9289dd2','7dc4076bb7e04dd3916b3bdae9289dd2','bab7a370b45746bc92c8aadcafec3153','0','2','0');
insert into `cmdb_v3_module_code_setting` (`id`, `module_id`, `owner_module_id`, `group_id`, `code_id`, `display`, `sort_index`, `is_delete`) values('4be3ea430b304251ac9f93f69acdbf3c','fec068f239af4f2d8e590c19a39967fd','fec068f239af4f2d8e590c19a39967fd','154b3a097f4648d79271ca2f292001e1','e5ba1ca8a4704ed186bd2626dcfce2fc','0','2','0');
insert into `cmdb_v3_module_code_setting` (`id`, `module_id`, `owner_module_id`, `group_id`, `code_id`, `display`, `sort_index`, `is_delete`) values('0151f40db4b0441aa5fae40458747cee','fec068f239af4f2d8e590c19a39967fd','fec068f239af4f2d8e590c19a39967fd','154b3a097f4648d79271ca2f292001e1','f7887fb6e03e4df89b3b4c140de6adef','0','5','0');

insert into `cmdb_module_code_group` (`group_id`, `group_name`, `module_id`, `sort_index`, `is_delete`) values('154b3a097f4648d79271ca2f292001e1','资源概览','fec068f239af4f2d8e590c19a39967fd','2','0');
insert into `cmdb_module_code_group` (`group_id`, `group_name`, `module_id`, `sort_index`, `is_delete`) values('3b260f142bfe4b39905c2fe630057202','存储资源','946da4b86e9245ef97b4e7524c0af7b5','2','0');
insert into `cmdb_module_code_group` (`group_id`, `group_name`, `module_id`, `sort_index`, `is_delete`) values('498b5040dd594daa97322377e3ba4df5','专属信息','7dc4076bb7e04dd3916b3bdae9289dd2','1','0');
insert into `cmdb_module_code_group` (`group_id`, `group_name`, `module_id`, `sort_index`, `is_delete`) values('59858220fde64ae580689786cf5bff7c','GPU','789378de309e48d6aa5bef7a529d84d8','2','0');
insert into `cmdb_module_code_group` (`group_id`, `group_name`, `module_id`, `sort_index`, `is_delete`) values('7dc4076bb7e04dd3916b3bdae9289dd2','运营月报','057a604e3daf424ab15b67cf3d91aa05','1','0');
insert into `cmdb_module_code_group` (`group_id`, `group_name`, `module_id`, `sort_index`, `is_delete`) values('7dc4076bb7e04dd3916b3bdae9289dd2','运营月报','65de77fba09d4f0ba5717dc3edcbe158','1','0');
insert into `cmdb_module_code_group` (`group_id`, `group_name`, `module_id`, `sort_index`, `is_delete`) values('7dc4076bb7e04dd3916b3bdae9289dd2','运营月报','685816e36d564a9cad49148e07e7fab5','1','0');
insert into `cmdb_module_code_group` (`group_id`, `group_name`, `module_id`, `sort_index`, `is_delete`) values('7dc4076bb7e04dd3916b3bdae9289dd2','运营月报','6a3dea699eac446a99ef062549e34d70','1','0');
insert into `cmdb_module_code_group` (`group_id`, `group_name`, `module_id`, `sort_index`, `is_delete`) values('7dc4076bb7e04dd3916b3bdae9289dd2','运营月报','7635801cbebc4492b28b5ff5cab79f80','1','0');
insert into `cmdb_module_code_group` (`group_id`, `group_name`, `module_id`, `sort_index`, `is_delete`) values('7dc4076bb7e04dd3916b3bdae9289dd2','运营月报','789378de309e48d6aa5bef7a529d84d8','1','0');
insert into `cmdb_module_code_group` (`group_id`, `group_name`, `module_id`, `sort_index`, `is_delete`) values('7dc4076bb7e04dd3916b3bdae9289dd2','运营月报','844b5f3a55824803a6a9f9b218fb9072','1','0');
insert into `cmdb_module_code_group` (`group_id`, `group_name`, `module_id`, `sort_index`, `is_delete`) values('7dc4076bb7e04dd3916b3bdae9289dd2','运营月报','946da4b86e9245ef97b4e7524c0af7b5','1','0');
insert into `cmdb_module_code_group` (`group_id`, `group_name`, `module_id`, `sort_index`, `is_delete`) values('7dc4076bb7e04dd3916b3bdae9289dd2','运营月报','c7693f53ab3b4b76b13470c64713b7b6','1','0');
insert into `cmdb_module_code_group` (`group_id`, `group_name`, `module_id`, `sort_index`, `is_delete`) values('7dc4076bb7e04dd3916b3bdae9289dd2','运营月报','f6af5c6157e94b398fc4152d7888a5f6','1','0');
insert into `cmdb_module_code_group` (`group_id`, `group_name`, `module_id`, `sort_index`, `is_delete`) values('7dc4076bb7e04dd3916b3bdae9289dd2','运营月报','fec068f239af4f2d8e590c19a39967fd','1','0');
insert into `cmdb_module_code_group` (`group_id`, `group_name`, `module_id`, `sort_index`, `is_delete`) values('9a4ffb2634824648ab28d3cfb2d351f1','网络设备','057a604e3daf424ab15b67cf3d91aa05','2','0');
insert into `cmdb_module_code_group` (`group_id`, `group_name`, `module_id`, `sort_index`, `is_delete`) values('9c842e2dddac409e9f6cd87f984ce556','云主机资源','65de77fba09d4f0ba5717dc3edcbe158','2','0');
insert into `cmdb_module_code_group` (`group_id`, `group_name`, `module_id`, `sort_index`, `is_delete`) values('c0ee29c1ac4b4a1d812876825509a725','裸金属信息','844b5f3a55824803a6a9f9b218fb9072','2','0');
insert into `cmdb_module_code_group` (`group_id`, `group_name`, `module_id`, `sort_index`, `is_delete`) values('cb97a0dd5c3c45c8ad671a33bead252f','专属信息','685816e36d564a9cad49148e07e7fab5','2','0');
insert into `cmdb_module_code_group` (`group_id`, `group_name`, `module_id`, `sort_index`, `is_delete`) values('d65c4631fe8b445d920f6077359f976c','专属信息','6a3dea699eac446a99ef062549e34d70','2','0');
insert into `cmdb_module_code_group` (`group_id`, `group_name`, `module_id`, `sort_index`, `is_delete`) values('f1dcd614daad444eb228f8511070d2c4','专属信息','c7693f53ab3b4b76b13470c64713b7b6','2','0');

insert into `cmdb_code` (`code_id`, `filed_code`, `filed_name`, `module_catalog_id`, `control_type_id`, `code_length`, `code_tip`, `display_style`, `is_bind_source`, `is_validate`, `is_approve`, `is_collect`, `sort_index`, `is_delete`, `add_read_only`, `update_read_only`, `default_value`) values('5a9d9393a44b4503a5fe2d00b35bbb51','backup_dist_count','备份存储已分配总量（T）','6811d01f594a4c39a797a3b1ce505d05','debb3949-7bbc-11e9-b0c3-0242ac110002','40','','4','否','否','否','否','10370','0','0','0','');
insert into `cmdb_code` (`code_id`, `filed_code`, `filed_name`, `module_catalog_id`, `control_type_id`, `code_length`, `code_tip`, `display_style`, `is_bind_source`, `is_validate`, `is_approve`, `is_collect`, `sort_index`, `is_delete`, `add_read_only`, `update_read_only`, `default_value`) values('c40696cce3e646baaee95fad23ae11d8','backup_use_count','备份存储已使用总量（T）','6811d01f594a4c39a797a3b1ce505d05','debb3949-7bbc-11e9-b0c3-0242ac110002','40','','4','否','否','否','否','10371','0','0','0','');
insert into `cmdb_code` (`code_id`, `filed_code`, `filed_name`, `module_catalog_id`, `control_type_id`, `code_length`, `code_tip`, `display_style`, `is_bind_source`, `is_validate`, `is_approve`, `is_collect`, `sort_index`, `is_delete`, `add_read_only`, `update_read_only`, `default_value`) values('d041436b8f9b424d8a4c21b800e65a1d','backup_use_rate','备份存储使用率（%）','6811d01f594a4c39a797a3b1ce505d05','debb3949-7bbc-11e9-b0c3-0242ac110002','40','','4','否','否','否','否','10372','0','0','0','');
insert into `cmdb_code` (`code_id`, `filed_code`, `filed_name`, `module_catalog_id`, `control_type_id`, `code_length`, `code_tip`, `display_style`, `is_bind_source`, `is_validate`, `is_approve`, `is_collect`, `sort_index`, `is_delete`, `add_read_only`, `update_read_only`, `default_value`) values('28b46836af934e1bb9287abdb0bdcdd9','bizSystem','业务系统名称','6811d01f594a4c39a797a3b1ce505d05','debb3949-7bbc-11e9-b0c3-0242ac110002','40','','4','否','否','否','否',NULL,'0','0','0','');
insert into `cmdb_code` (`code_id`, `filed_code`, `filed_name`, `module_catalog_id`, `control_type_id`, `code_length`, `code_tip`, `display_style`, `is_bind_source`, `is_validate`, `is_approve`, `is_collect`, `sort_index`, `is_delete`, `add_read_only`, `update_read_only`, `default_value`) values('4c5117c62e53457c9d8c08ded2290072','block_dist_count','块存储已分配总量（T）','6811d01f594a4c39a797a3b1ce505d05','debb3949-7bbc-11e9-b0c3-0242ac110002','40','','4','否','否','否','否','10361','0','0','0','');
insert into `cmdb_code` (`code_id`, `filed_code`, `filed_name`, `module_catalog_id`, `control_type_id`, `code_length`, `code_tip`, `display_style`, `is_bind_source`, `is_validate`, `is_approve`, `is_collect`, `sort_index`, `is_delete`, `add_read_only`, `update_read_only`, `default_value`) values('9e2ae2fedafb406e9b8b1bb127ad8520','block_use_count','块存储已使用总量（T）','6811d01f594a4c39a797a3b1ce505d05','debb3949-7bbc-11e9-b0c3-0242ac110002','40','','4','否','否','否','否','10362','0','0','0','');
insert into `cmdb_code` (`code_id`, `filed_code`, `filed_name`, `module_catalog_id`, `control_type_id`, `code_length`, `code_tip`, `display_style`, `is_bind_source`, `is_validate`, `is_approve`, `is_collect`, `sort_index`, `is_delete`, `add_read_only`, `update_read_only`, `default_value`) values('b4f36e8a4b8e4965bb3a48b95637bd0d','block_use_rate','块存储的使用率（%）','6811d01f594a4c39a797a3b1ce505d05','debb3949-7bbc-11e9-b0c3-0242ac110002','40','','4','否','否','否','否','10363','0','0','0','');
insert into `cmdb_code` (`code_id`, `filed_code`, `filed_name`, `module_catalog_id`, `control_type_id`, `code_length`, `code_tip`, `display_style`, `is_bind_source`, `is_validate`, `is_approve`, `is_collect`, `sort_index`, `is_delete`, `add_read_only`, `update_read_only`, `default_value`) values('10a47b0e77754353a31a5203794e8502','cpu_avg','月度CPU资源均值利用率','6811d01f594a4c39a797a3b1ce505d05','debb3949-7bbc-11e9-b0c3-0242ac110002','40','','4','否','否','否','否','10380','0','0','0','');
insert into `cmdb_code` (`code_id`, `filed_code`, `filed_name`, `module_catalog_id`, `control_type_id`, `code_length`, `code_tip`, `display_style`, `is_bind_source`, `is_validate`, `is_approve`, `is_collect`, `sort_index`, `is_delete`, `add_read_only`, `update_read_only`, `default_value`) values('10a199ebc4aa447ea0beac7e504ff7ff','cpu_eighty_more_ratio','CPU峰值>=80%占比','6811d01f594a4c39a797a3b1ce505d05','debb3949-7bbc-11e9-b0c3-0242ac110002','40','','4','否','否','否','否','10386','0','0','0','');
insert into `cmdb_code` (`code_id`, `filed_code`, `filed_name`, `module_catalog_id`, `control_type_id`, `code_length`, `code_tip`, `display_style`, `is_bind_source`, `is_validate`, `is_approve`, `is_collect`, `sort_index`, `is_delete`, `add_read_only`, `update_read_only`, `default_value`) values('91194d5b672041edaf73e4ce785d9786','cpu_eighty_ratio','80%>CPU峰值>=40%占比','6811d01f594a4c39a797a3b1ce505d05','debb3949-7bbc-11e9-b0c3-0242ac110002','40','','4','否','否','否','否','10383','0','0','0','');
insert into `cmdb_code` (`code_id`, `filed_code`, `filed_name`, `module_catalog_id`, `control_type_id`, `code_length`, `code_tip`, `display_style`, `is_bind_source`, `is_validate`, `is_approve`, `is_collect`, `sort_index`, `is_delete`, `add_read_only`, `update_read_only`, `default_value`) values('5a869b5d47564a528ac3a60312f49754','cpu_fifteen_ratio','15%>CPU峰值占比','6811d01f594a4c39a797a3b1ce505d05','debb3949-7bbc-11e9-b0c3-0242ac110002','40','','4','否','否','否','否','10385','0','0','0','');
insert into `cmdb_code` (`code_id`, `filed_code`, `filed_name`, `module_catalog_id`, `control_type_id`, `code_length`, `code_tip`, `display_style`, `is_bind_source`, `is_validate`, `is_approve`, `is_collect`, `sort_index`, `is_delete`, `add_read_only`, `update_read_only`, `default_value`) values('262d837c73774d6aa4d5dc98b43d8c61','cpu_fourty_ratio','40%>CPU峰值>=15%占比','6811d01f594a4c39a797a3b1ce505d05','debb3949-7bbc-11e9-b0c3-0242ac110002','40','','4','否','否','否','否','10384','0','0','0','');
insert into `cmdb_code` (`code_id`, `filed_code`, `filed_name`, `module_catalog_id`, `control_type_id`, `code_length`, `code_tip`, `display_style`, `is_bind_source`, `is_validate`, `is_approve`, `is_collect`, `sort_index`, `is_delete`, `add_read_only`, `update_read_only`, `default_value`) values('e49a71c996244ee2a6f9a9f25b5fc052','cpu_max','月度CPU资源峰值利用率','6811d01f594a4c39a797a3b1ce505d05','debb3949-7bbc-11e9-b0c3-0242ac110002','40','','4','否','否','否','否',NULL,'0','0','0','');
insert into `cmdb_code` (`code_id`, `filed_code`, `filed_name`, `module_catalog_id`, `control_type_id`, `code_length`, `code_tip`, `display_style`, `is_bind_source`, `is_validate`, `is_approve`, `is_collect`, `sort_index`, `is_delete`, `add_read_only`, `update_read_only`, `default_value`) values('29b613ea8a2542078a8110c21b9151ae','department1','所属租户（一级）','6811d01f594a4c39a797a3b1ce505d05','debb3949-7bbc-11e9-b0c3-0242ac110002','40','','4','否','否','否','否',NULL,'0','0','0','');
insert into `cmdb_code` (`code_id`, `filed_code`, `filed_name`, `module_catalog_id`, `control_type_id`, `code_length`, `code_tip`, `display_style`, `is_bind_source`, `is_validate`, `is_approve`, `is_collect`, `sort_index`, `is_delete`, `add_read_only`, `update_read_only`, `default_value`) values('16ae75238fbc4fe99d905f0181e0b184','department2','归属部门（二级）','6811d01f594a4c39a797a3b1ce505d05','debb3949-7bbc-11e9-b0c3-0242ac110002','40','','4','否','否','否','否',NULL,'0','0','0','');
insert into `cmdb_code` (`code_id`, `filed_code`, `filed_name`, `module_catalog_id`, `control_type_id`, `code_length`, `code_tip`, `display_style`, `is_bind_source`, `is_validate`, `is_approve`, `is_collect`, `sort_index`, `is_delete`, `add_read_only`, `update_read_only`, `default_value`) values('1963b74454f54362b1bd10926049b449','department_type','租户范围','6811d01f594a4c39a797a3b1ce505d05','debb3949-7bbc-11e9-b0c3-0242ac110002','40','','4','否','否','否','否','10394','0','0','0','');
insert into `cmdb_code` (`code_id`, `filed_code`, `filed_name`, `module_catalog_id`, `control_type_id`, `code_length`, `code_tip`, `display_style`, `is_bind_source`, `is_validate`, `is_approve`, `is_collect`, `sort_index`, `is_delete`, `add_read_only`, `update_read_only`, `default_value`) values('fe75b47720a24f9da8a7d0d1ee39c44b','deviceType','设备类型','6811d01f594a4c39a797a3b1ce505d05','debb3949-7bbc-11e9-b0c3-0242ac110002','40','物理计算资源（X86服务器）；虚拟计算资源（云主机）','4','否','否','否','否','10382','0','0','0','');
insert into `cmdb_code` (`code_id`, `filed_code`, `filed_name`, `module_catalog_id`, `control_type_id`, `code_length`, `code_tip`, `display_style`, `is_bind_source`, `is_validate`, `is_approve`, `is_collect`, `sort_index`, `is_delete`, `add_read_only`, `update_read_only`, `default_value`) values('7a5d8a1184ba47bfaff0eff08527e312','distribute_rate','分配率','6811d01f594a4c39a797a3b1ce505d05','debb3949-7bbc-11e9-b0c3-0242ac110002','40','','4','否','否','否','否','10313','0','0','0','');
insert into `cmdb_code` (`code_id`, `filed_code`, `filed_name`, `module_catalog_id`, `control_type_id`, `code_length`, `code_tip`, `display_style`, `is_bind_source`, `is_validate`, `is_approve`, `is_collect`, `sort_index`, `is_delete`, `add_read_only`, `update_read_only`, `default_value`) values('f2711f9908294ec3a3e96be0e78f25de','dist_storage_count','已分配存储资源总量（T）','6811d01f594a4c39a797a3b1ce505d05','debb3949-7bbc-11e9-b0c3-0242ac110002','40','','4','否','否','否','否','10339','0','0','0','');
insert into `cmdb_code` (`code_id`, `filed_code`, `filed_name`, `module_catalog_id`, `control_type_id`, `code_length`, `code_tip`, `display_style`, `is_bind_source`, `is_validate`, `is_approve`, `is_collect`, `sort_index`, `is_delete`, `add_read_only`, `update_read_only`, `default_value`) values('7f158bb0f25d4c5cb2758e7d209d7b4c','dist_unuse_gpu_count','分配满1个月但未使用的GPU数量（台）','6811d01f594a4c39a797a3b1ce505d05','debb3949-7bbc-11e9-b0c3-0242ac110002','40','','4','否','否','否','否','10392','0','0','0','');
insert into `cmdb_code` (`code_id`, `filed_code`, `filed_name`, `module_catalog_id`, `control_type_id`, `code_length`, `code_tip`, `display_style`, `is_bind_source`, `is_validate`, `is_approve`, `is_collect`, `sort_index`, `is_delete`, `add_read_only`, `update_read_only`, `default_value`) values('703545ef3a744b4298bba5f5130df2ef','dist_unuse_phy_count','分配满1个月但未使用的裸金属数量（台）','6811d01f594a4c39a797a3b1ce505d05','debb3949-7bbc-11e9-b0c3-0242ac110002','40','','4','否','否','否','否','10391','0','0','0','');
insert into `cmdb_code` (`code_id`, `filed_code`, `filed_name`, `module_catalog_id`, `control_type_id`, `code_length`, `code_tip`, `display_style`, `is_bind_source`, `is_validate`, `is_approve`, `is_collect`, `sort_index`, `is_delete`, `add_read_only`, `update_read_only`, `default_value`) values('1c6ed726babe412d9bff0c51c2096208','dist_unuse_vm_count','分配满1个月但未使用的云主机数量（台）','6811d01f594a4c39a797a3b1ce505d05','debb3949-7bbc-11e9-b0c3-0242ac110002','40','','4','否','否','否','否','10393','0','0','0','');
insert into `cmdb_code` (`code_id`, `filed_code`, `filed_name`, `module_catalog_id`, `control_type_id`, `code_length`, `code_tip`, `display_style`, `is_bind_source`, `is_validate`, `is_approve`, `is_collect`, `sort_index`, `is_delete`, `add_read_only`, `update_read_only`, `default_value`) values('5f3a48e65fb44256b1c7dd414556ca6a','fcsan_dist_count','FCSAN已分配总量（T）','6811d01f594a4c39a797a3b1ce505d05','debb3949-7bbc-11e9-b0c3-0242ac110002','40','','4','否','否','否','否','10356','0','0','0','');
insert into `cmdb_code` (`code_id`, `filed_code`, `filed_name`, `module_catalog_id`, `control_type_id`, `code_length`, `code_tip`, `display_style`, `is_bind_source`, `is_validate`, `is_approve`, `is_collect`, `sort_index`, `is_delete`, `add_read_only`, `update_read_only`, `default_value`) values('ff3e01512b5f4c388697f4d82b6f4ca9','fcsan_use_count','FCSAN已使用总量（T）','6811d01f594a4c39a797a3b1ce505d05','debb3949-7bbc-11e9-b0c3-0242ac110002','40','','4','否','否','否','否','10373','0','0','0','');
insert into `cmdb_code` (`code_id`, `filed_code`, `filed_name`, `module_catalog_id`, `control_type_id`, `code_length`, `code_tip`, `display_style`, `is_bind_source`, `is_validate`, `is_approve`, `is_collect`, `sort_index`, `is_delete`, `add_read_only`, `update_read_only`, `default_value`) values('5a1dc633b5104471b38775c71532d095','fcsan_use_rate','FCSAN使用率（%）','6811d01f594a4c39a797a3b1ce505d05','debb3949-7bbc-11e9-b0c3-0242ac110002','40','','4','否','否','否','否','10357','0','0','0','');
insert into `cmdb_code` (`code_id`, `filed_code`, `filed_name`, `module_catalog_id`, `control_type_id`, `code_length`, `code_tip`, `display_style`, `is_bind_source`, `is_validate`, `is_approve`, `is_collect`, `sort_index`, `is_delete`, `add_read_only`, `update_read_only`, `default_value`) values('80554ae027104b3abbabdc4ab0323a80','file_dist_count','文件存储已分配总量（T）','6811d01f594a4c39a797a3b1ce505d05','debb3949-7bbc-11e9-b0c3-0242ac110002','40','','4','否','否','否','否','10364','0','0','0','');
insert into `cmdb_code` (`code_id`, `filed_code`, `filed_name`, `module_catalog_id`, `control_type_id`, `code_length`, `code_tip`, `display_style`, `is_bind_source`, `is_validate`, `is_approve`, `is_collect`, `sort_index`, `is_delete`, `add_read_only`, `update_read_only`, `default_value`) values('927a7ad71adb4825852e25f553d8a65c','file_use_count','文件存储已使用总量（T）','6811d01f594a4c39a797a3b1ce505d05','debb3949-7bbc-11e9-b0c3-0242ac110002','40','','4','否','否','否','否','10365','0','0','0','');
insert into `cmdb_code` (`code_id`, `filed_code`, `filed_name`, `module_catalog_id`, `control_type_id`, `code_length`, `code_tip`, `display_style`, `is_bind_source`, `is_validate`, `is_approve`, `is_collect`, `sort_index`, `is_delete`, `add_read_only`, `update_read_only`, `default_value`) values('d24d6f67d7b34c87bd3d230817abc9b4','file_use_rate','文件存储的使用率（%）','6811d01f594a4c39a797a3b1ce505d05','debb3949-7bbc-11e9-b0c3-0242ac110002','40','','4','否','否','否','否','10366','0','0','0','');
insert into `cmdb_code` (`code_id`, `filed_code`, `filed_name`, `module_catalog_id`, `control_type_id`, `code_length`, `code_tip`, `display_style`, `is_bind_source`, `is_validate`, `is_approve`, `is_collect`, `sort_index`, `is_delete`, `add_read_only`, `update_read_only`, `default_value`) values('a41b3d4f70b247438f251a4a3e94fc98','gpu_dist_count','截至本月度GPU已分配总量（台）','6811d01f594a4c39a797a3b1ce505d05','debb3949-7bbc-11e9-b0c3-0242ac110002','40','','4','否','否','否','否','10350','0','0','0','');
insert into `cmdb_code` (`code_id`, `filed_code`, `filed_name`, `module_catalog_id`, `control_type_id`, `code_length`, `code_tip`, `display_style`, `is_bind_source`, `is_validate`, `is_approve`, `is_collect`, `sort_index`, `is_delete`, `add_read_only`, `update_read_only`, `default_value`) values('cdc61402eb644269bb62a4c096afa23c','gpu_use_count','截至本月度GPU已使用总量（台）','6811d01f594a4c39a797a3b1ce505d05','debb3949-7bbc-11e9-b0c3-0242ac110002','40','','4','否','否','否','否',NULL,'0','0','0','');
insert into `cmdb_code` (`code_id`, `filed_code`, `filed_name`, `module_catalog_id`, `control_type_id`, `code_length`, `code_tip`, `display_style`, `is_bind_source`, `is_validate`, `is_approve`, `is_collect`, `sort_index`, `is_delete`, `add_read_only`, `update_read_only`, `default_value`) values('2b128c9cd65d4e689e83c2cba0370eac','gpu_use_rate','GPU资源使用率（%）','6811d01f594a4c39a797a3b1ce505d05','debb3949-7bbc-11e9-b0c3-0242ac110002','40','','4','否','否','否','否','10352','0','0','0','');
insert into `cmdb_code` (`code_id`, `filed_code`, `filed_name`, `module_catalog_id`, `control_type_id`, `code_length`, `code_tip`, `display_style`, `is_bind_source`, `is_validate`, `is_approve`, `is_collect`, `sort_index`, `is_delete`, `add_read_only`, `update_read_only`, `default_value`) values('aee69d893222477faedb74cf511c1174','id','ID','6811d01f594a4c39a797a3b1ce505d05','debb3949-7bbc-11e9-b0c3-0242ac110002','40','','4','否','否','否','否','10304','0','1','1','');
insert into `cmdb_code` (`code_id`, `filed_code`, `filed_name`, `module_catalog_id`, `control_type_id`, `code_length`, `code_tip`, `display_style`, `is_bind_source`, `is_validate`, `is_approve`, `is_collect`, `sort_index`, `is_delete`, `add_read_only`, `update_read_only`, `default_value`) values('38adc7f8b38249d0b8f7275c603d2263','idcType','资源池名称','6811d01f594a4c39a797a3b1ce505d05','debb3949-7bbc-11e9-b0c3-0242ac110002','40','','4','否','否','否','否',NULL,'0','0','0','');
insert into `cmdb_code` (`code_id`, `filed_code`, `filed_name`, `module_catalog_id`, `control_type_id`, `code_length`, `code_tip`, `display_style`, `is_bind_source`, `is_validate`, `is_approve`, `is_collect`, `sort_index`, `is_delete`, `add_read_only`, `update_read_only`, `default_value`) values('34e83a9b080c40dd942079ee9e955e4d','index_comp_range','指标计算范围','6811d01f594a4c39a797a3b1ce505d05','debb3949-7bbc-11e9-b0c3-0242ac110002','400','','4','否','否','否','否',NULL,'0','0','0','');
insert into `cmdb_code` (`code_id`, `filed_code`, `filed_name`, `module_catalog_id`, `control_type_id`, `code_length`, `code_tip`, `display_style`, `is_bind_source`, `is_validate`, `is_approve`, `is_collect`, `sort_index`, `is_delete`, `add_read_only`, `update_read_only`, `default_value`) values('0e71e6229cf44b2b8b4a27df4b329c2c','index_name','指标名称','6811d01f594a4c39a797a3b1ce505d05','debb3949-7bbc-11e9-b0c3-0242ac110002','40','','4','否','否','否','否','10374','0','0','0','');
insert into `cmdb_code` (`code_id`, `filed_code`, `filed_name`, `module_catalog_id`, `control_type_id`, `code_length`, `code_tip`, `display_style`, `is_bind_source`, `is_validate`, `is_approve`, `is_collect`, `sort_index`, `is_delete`, `add_read_only`, `update_read_only`, `default_value`) values('ceecc1471f884350b7f712948c80d1dc','index_value','指标值','6811d01f594a4c39a797a3b1ce505d05','debb3949-7bbc-11e9-b0c3-0242ac110002','40','','4','否','否','否','否','10375','0','0','0','');
insert into `cmdb_code` (`code_id`, `filed_code`, `filed_name`, `module_catalog_id`, `control_type_id`, `code_length`, `code_tip`, `display_style`, `is_bind_source`, `is_validate`, `is_approve`, `is_collect`, `sort_index`, `is_delete`, `add_read_only`, `update_read_only`, `default_value`) values('852a197f2b8b47bd8c614685b0f6d5ca','insert_person','录入人','6811d01f594a4c39a797a3b1ce505d05','debb3949-7bbc-11e9-b0c3-0242ac110002','40','','4','否','否','否','否','10307','0','1','1','');
insert into `cmdb_code` (`code_id`, `filed_code`, `filed_name`, `module_catalog_id`, `control_type_id`, `code_length`, `code_tip`, `display_style`, `is_bind_source`, `is_validate`, `is_approve`, `is_collect`, `sort_index`, `is_delete`, `add_read_only`, `update_read_only`, `default_value`) values('b82ec9052ab344d8adbca8532a03e552','insert_time','新增时间','6811d01f594a4c39a797a3b1ce505d05','debb3e53-7bbc-11e9-b0c3-0242ac110002','40','','4','否','否','否','否','10306','0','1','1','');
insert into `cmdb_code` (`code_id`, `filed_code`, `filed_name`, `module_catalog_id`, `control_type_id`, `code_length`, `code_tip`, `display_style`, `is_bind_source`, `is_validate`, `is_approve`, `is_collect`, `sort_index`, `is_delete`, `add_read_only`, `update_read_only`, `default_value`) values('d620b4d17d2f4a37a500b4892fa2ab5a','ipsan_dist_count','IPSAN已分配总量（T）','6811d01f594a4c39a797a3b1ce505d05','debb3949-7bbc-11e9-b0c3-0242ac110002','40','','4','否','否','否','否','10359','0','0','0','');
insert into `cmdb_code` (`code_id`, `filed_code`, `filed_name`, `module_catalog_id`, `control_type_id`, `code_length`, `code_tip`, `display_style`, `is_bind_source`, `is_validate`, `is_approve`, `is_collect`, `sort_index`, `is_delete`, `add_read_only`, `update_read_only`, `default_value`) values('545e93c0dbfa47009d370d17038791c8','ipsan_use_count','IPSAN已使用总量（T）','6811d01f594a4c39a797a3b1ce505d05','debb3949-7bbc-11e9-b0c3-0242ac110002','40','','4','否','否','否','否',NULL,'0','0','0','');
insert into `cmdb_code` (`code_id`, `filed_code`, `filed_name`, `module_catalog_id`, `control_type_id`, `code_length`, `code_tip`, `display_style`, `is_bind_source`, `is_validate`, `is_approve`, `is_collect`, `sort_index`, `is_delete`, `add_read_only`, `update_read_only`, `default_value`) values('e526c2d4049043eba112ecba15623311','ipsan_use_rate','IPSAN使用率（%）','6811d01f594a4c39a797a3b1ce505d05','debb3949-7bbc-11e9-b0c3-0242ac110002','40','','4','否','否','否','否','10360','0','0','0','');
insert into `cmdb_code` (`code_id`, `filed_code`, `filed_name`, `module_catalog_id`, `control_type_id`, `code_length`, `code_tip`, `display_style`, `is_bind_source`, `is_validate`, `is_approve`, `is_collect`, `sort_index`, `is_delete`, `add_read_only`, `update_read_only`, `default_value`) values('ffbaeb6a31b845be9d99696410361e4c','memory_avg','月度内存均值利用率','6811d01f594a4c39a797a3b1ce505d05','debb3949-7bbc-11e9-b0c3-0242ac110002','40','','4','否','否','否','否','10379','0','0','0','');
insert into `cmdb_code` (`code_id`, `filed_code`, `filed_name`, `module_catalog_id`, `control_type_id`, `code_length`, `code_tip`, `display_style`, `is_bind_source`, `is_validate`, `is_approve`, `is_collect`, `sort_index`, `is_delete`, `add_read_only`, `update_read_only`, `default_value`) values('2154b967633043d382397a2c81022e89','memory_eighty_more_ratio','内存峰值>=80%占比','6811d01f594a4c39a797a3b1ce505d05','debb3949-7bbc-11e9-b0c3-0242ac110002','40','','4','否','否','否','否','10390','0','0','0','');
insert into `cmdb_code` (`code_id`, `filed_code`, `filed_name`, `module_catalog_id`, `control_type_id`, `code_length`, `code_tip`, `display_style`, `is_bind_source`, `is_validate`, `is_approve`, `is_collect`, `sort_index`, `is_delete`, `add_read_only`, `update_read_only`, `default_value`) values('42c5d2c2bc4d4b36b3bf7a5e81ecad39','memory_eighty_ratio','80%>内存峰值>=40%占比','6811d01f594a4c39a797a3b1ce505d05','debb3949-7bbc-11e9-b0c3-0242ac110002','40','','4','否','否','否','否','10387','0','0','0','');
insert into `cmdb_code` (`code_id`, `filed_code`, `filed_name`, `module_catalog_id`, `control_type_id`, `code_length`, `code_tip`, `display_style`, `is_bind_source`, `is_validate`, `is_approve`, `is_collect`, `sort_index`, `is_delete`, `add_read_only`, `update_read_only`, `default_value`) values('4c3cabf6db924d1eb686ea42cb400682','memory_fifteen_ratio','15%>内存峰值占比','6811d01f594a4c39a797a3b1ce505d05','debb3949-7bbc-11e9-b0c3-0242ac110002','40','','4','否','否','否','否','10389','0','0','0','');
insert into `cmdb_code` (`code_id`, `filed_code`, `filed_name`, `module_catalog_id`, `control_type_id`, `code_length`, `code_tip`, `display_style`, `is_bind_source`, `is_validate`, `is_approve`, `is_collect`, `sort_index`, `is_delete`, `add_read_only`, `update_read_only`, `default_value`) values('ce8ffde6d490447b8d38956377fb3e4e','memory_fourty_ratio','40%>内存峰值>=15%占比','6811d01f594a4c39a797a3b1ce505d05','debb3949-7bbc-11e9-b0c3-0242ac110002','40','','4','否','否','否','否','10388','0','0','0','');
insert into `cmdb_code` (`code_id`, `filed_code`, `filed_name`, `module_catalog_id`, `control_type_id`, `code_length`, `code_tip`, `display_style`, `is_bind_source`, `is_validate`, `is_approve`, `is_collect`, `sort_index`, `is_delete`, `add_read_only`, `update_read_only`, `default_value`) values('b02f3609332046a8bdb9763860c2dbdb','memory_max','月度内存峰值利用率','6811d01f594a4c39a797a3b1ce505d05','debb3949-7bbc-11e9-b0c3-0242ac110002','40','','4','否','否','否','否','10381','0','0','0','');
insert into `cmdb_code` (`code_id`, `filed_code`, `filed_name`, `module_catalog_id`, `control_type_id`, `code_length`, `code_tip`, `display_style`, `is_bind_source`, `is_validate`, `is_approve`, `is_collect`, `sort_index`, `is_delete`, `add_read_only`, `update_read_only`, `default_value`) values('bab7a370b45746bc92c8aadcafec3153','module_id','模型ID','6811d01f594a4c39a797a3b1ce505d05','debb3949-7bbc-11e9-b0c3-0242ac110002','40','','4','否','否','否','否','10305','0','1','1','');
insert into `cmdb_code` (`code_id`, `filed_code`, `filed_name`, `module_catalog_id`, `control_type_id`, `code_length`, `code_tip`, `display_style`, `is_bind_source`, `is_validate`, `is_approve`, `is_collect`, `sort_index`, `is_delete`, `add_read_only`, `update_read_only`, `default_value`) values('e5ba1ca8a4704ed186bd2626dcfce2fc','month','统计月份','6811d01f594a4c39a797a3b1ce505d05','debb3949-7bbc-11e9-b0c3-0242ac110002','40','格式yyyy-mm','4','否','否','否','否','10290','0','0','0','');
insert into `cmdb_code` (`code_id`, `filed_code`, `filed_name`, `module_catalog_id`, `control_type_id`, `code_length`, `code_tip`, `display_style`, `is_bind_source`, `is_validate`, `is_approve`, `is_collect`, `sort_index`, `is_delete`, `add_read_only`, `update_read_only`, `default_value`) values('6d5a993b6090462490331e33053373a7','month_report_type','运营月份分类','6811d01f594a4c39a797a3b1ce505d05','debb3cfd-7bbc-11e9-b0c3-0242ac110002','40','','4','是','否','否','否',NULL,'0','0','0','');
insert into `cmdb_code` (`code_id`, `filed_code`, `filed_name`, `module_catalog_id`, `control_type_id`, `code_length`, `code_tip`, `display_style`, `is_bind_source`, `is_validate`, `is_approve`, `is_collect`, `sort_index`, `is_delete`, `add_read_only`, `update_read_only`, `default_value`) values('08aaac15a7f14f89a6ecfa3c71629faa','m_dist_count','截至当月已分配设备总量（台）','6811d01f594a4c39a797a3b1ce505d05','debb3949-7bbc-11e9-b0c3-0242ac110002','40','','4','否','否','否','否','10310','0','0','0','');
insert into `cmdb_code` (`code_id`, `filed_code`, `filed_name`, `module_catalog_id`, `control_type_id`, `code_length`, `code_tip`, `display_style`, `is_bind_source`, `is_validate`, `is_approve`, `is_collect`, `sort_index`, `is_delete`, `add_read_only`, `update_read_only`, `default_value`) values('03562537b80a43f3a4f3da6536698c6a','m_network_count','已建设设备总量（台）','6811d01f594a4c39a797a3b1ce505d05','debb3949-7bbc-11e9-b0c3-0242ac110002','40','','4','否','否','否','否','10344','0','0','0','');
insert into `cmdb_code` (`code_id`, `filed_code`, `filed_name`, `module_catalog_id`, `control_type_id`, `code_length`, `code_tip`, `display_style`, `is_bind_source`, `is_validate`, `is_approve`, `is_collect`, `sort_index`, `is_delete`, `add_read_only`, `update_read_only`, `default_value`) values('90283cbd82cf4c7d97b35e82f9acedf4','m_phy_all_count','已交维所有物理服务器数量（台）','6811d01f594a4c39a797a3b1ce505d05','debb3949-7bbc-11e9-b0c3-0242ac110002','40','','4','否','否','否','否','10292','0','0','0','');
insert into `cmdb_code` (`code_id`, `filed_code`, `filed_name`, `module_catalog_id`, `control_type_id`, `code_length`, `code_tip`, `display_style`, `is_bind_source`, `is_validate`, `is_approve`, `is_collect`, `sort_index`, `is_delete`, `add_read_only`, `update_read_only`, `default_value`) values('f7887fb6e03e4df89b3b4c140de6adef','m_phy_comp_count','已交维物理计算资源（台）-不含管理节点','6811d01f594a4c39a797a3b1ce505d05','debb3949-7bbc-11e9-b0c3-0242ac110002','40','','4','否','否','否','否','10293','0','0','0','');
insert into `cmdb_code` (`code_id`, `filed_code`, `filed_name`, `module_catalog_id`, `control_type_id`, `code_length`, `code_tip`, `display_style`, `is_bind_source`, `is_validate`, `is_approve`, `is_collect`, `sort_index`, `is_delete`, `add_read_only`, `update_read_only`, `default_value`) values('0068004cd523439eb3ab72c0d46c6e48','m_phy_gup_comp_count','已交维GUP计算资源（台）-不含管理节点','6811d01f594a4c39a797a3b1ce505d05','debb3949-7bbc-11e9-b0c3-0242ac110002','40','','4','否','否','否','否','10294','0','0','0','');
insert into `cmdb_code` (`code_id`, `filed_code`, `filed_name`, `module_catalog_id`, `control_type_id`, `code_length`, `code_tip`, `display_style`, `is_bind_source`, `is_validate`, `is_approve`, `is_collect`, `sort_index`, `is_delete`, `add_read_only`, `update_read_only`, `default_value`) values('88b26816340648088625ba7fa05e5b32','m_phy_host_comp_count','已交维宿主机数（台）-不含管理节点','6811d01f594a4c39a797a3b1ce505d05','debb3949-7bbc-11e9-b0c3-0242ac110002','40','','4','否','否','否','否','10295','0','0','0','');
insert into `cmdb_code` (`code_id`, `filed_code`, `filed_name`, `module_catalog_id`, `control_type_id`, `code_length`, `code_tip`, `display_style`, `is_bind_source`, `is_validate`, `is_approve`, `is_collect`, `sort_index`, `is_delete`, `add_read_only`, `update_read_only`, `default_value`) values('ab5147355770455e9a21d593c75f7a38','m_phy_manage_count','已交维管理节点（台）-中非计算和存储资源的节点','6811d01f594a4c39a797a3b1ce505d05','debb3949-7bbc-11e9-b0c3-0242ac110002','40','','4','否','否','否','否','10297','0','0','0','');
insert into `cmdb_code` (`code_id`, `filed_code`, `filed_name`, `module_catalog_id`, `control_type_id`, `code_length`, `code_tip`, `display_style`, `is_bind_source`, `is_validate`, `is_approve`, `is_collect`, `sort_index`, `is_delete`, `add_read_only`, `update_read_only`, `default_value`) values('8cc6f8072de147f8a1db1753fff981cc','m_phy_storage_count','已交维存储服务器数量（台）-不含管理节点','6811d01f594a4c39a797a3b1ce505d05','debb3949-7bbc-11e9-b0c3-0242ac110002','40','','4','否','否','否','否','10296','0','0','0','');
insert into `cmdb_code` (`code_id`, `filed_code`, `filed_name`, `module_catalog_id`, `control_type_id`, `code_length`, `code_tip`, `display_style`, `is_bind_source`, `is_validate`, `is_approve`, `is_collect`, `sort_index`, `is_delete`, `add_read_only`, `update_read_only`, `default_value`) values('13a3fefef70747f881ab5eb2caaf6f25','m_storage_count','已交维存储资源总量（T）','6811d01f594a4c39a797a3b1ce505d05','debb3949-7bbc-11e9-b0c3-0242ac110002','40','','4','否','否','否','否','10338','0','0','0','');
insert into `cmdb_code` (`code_id`, `filed_code`, `filed_name`, `module_catalog_id`, `control_type_id`, `code_length`, `code_tip`, `display_style`, `is_bind_source`, `is_validate`, `is_approve`, `is_collect`, `sort_index`, `is_delete`, `add_read_only`, `update_read_only`, `default_value`) values('4780c632835b49a8a6f8cd2c21efcafa','m_surplus_storage_count','已交维剩余存储资源总量（T）','6811d01f594a4c39a797a3b1ce505d05','debb3949-7bbc-11e9-b0c3-0242ac110002','40','','4','否','否','否','否','10343','0','0','0','');
insert into `cmdb_code` (`code_id`, `filed_code`, `filed_name`, `module_catalog_id`, `control_type_id`, `code_length`, `code_tip`, `display_style`, `is_bind_source`, `is_validate`, `is_approve`, `is_collect`, `sort_index`, `is_delete`, `add_read_only`, `update_read_only`, `default_value`) values('96e662da6dd84badb288531fbbdee591','name','联系人','6811d01f594a4c39a797a3b1ce505d05','debb3949-7bbc-11e9-b0c3-0242ac110002','40','','4','否','否','否','否','10317','0','0','0','');
insert into `cmdb_code` (`code_id`, `filed_code`, `filed_name`, `module_catalog_id`, `control_type_id`, `code_length`, `code_tip`, `display_style`, `is_bind_source`, `is_validate`, `is_approve`, `is_collect`, `sort_index`, `is_delete`, `add_read_only`, `update_read_only`, `default_value`) values('d2b2a941eb7a43d683ac37b1b58a8c2a','obj_dist_count','对象存储已分配总量（T）','6811d01f594a4c39a797a3b1ce505d05','debb3949-7bbc-11e9-b0c3-0242ac110002','40','','4','否','否','否','否','10367','0','0','0','');
insert into `cmdb_code` (`code_id`, `filed_code`, `filed_name`, `module_catalog_id`, `control_type_id`, `code_length`, `code_tip`, `display_style`, `is_bind_source`, `is_validate`, `is_approve`, `is_collect`, `sort_index`, `is_delete`, `add_read_only`, `update_read_only`, `default_value`) values('9081564081614aa08d0e90303c5706b8','obj_use_count','对象存储已使用总量（T）','6811d01f594a4c39a797a3b1ce505d05','debb3949-7bbc-11e9-b0c3-0242ac110002','40','','4','否','否','否','否','10368','0','0','0','');
insert into `cmdb_code` (`code_id`, `filed_code`, `filed_name`, `module_catalog_id`, `control_type_id`, `code_length`, `code_tip`, `display_style`, `is_bind_source`, `is_validate`, `is_approve`, `is_collect`, `sort_index`, `is_delete`, `add_read_only`, `update_read_only`, `default_value`) values('1a47d988e8f947428035e9e6975e2394','obj_use_rate','对象存储的使用率（%）','6811d01f594a4c39a797a3b1ce505d05','debb3949-7bbc-11e9-b0c3-0242ac110002','40','','4','否','否','否','否','10369','0','0','0','');
insert into `cmdb_code` (`code_id`, `filed_code`, `filed_name`, `module_catalog_id`, `control_type_id`, `code_length`, `code_tip`, `display_style`, `is_bind_source`, `is_validate`, `is_approve`, `is_collect`, `sort_index`, `is_delete`, `add_read_only`, `update_read_only`, `default_value`) values('9698f476787b4799a1da838a3bb2cb0e','phone','联系电话','6811d01f594a4c39a797a3b1ce505d05','debb3949-7bbc-11e9-b0c3-0242ac110002','40','','4','否','否','否','否','10318','0','0','0','');
insert into `cmdb_code` (`code_id`, `filed_code`, `filed_name`, `module_catalog_id`, `control_type_id`, `code_length`, `code_tip`, `display_style`, `is_bind_source`, `is_validate`, `is_approve`, `is_collect`, `sort_index`, `is_delete`, `add_read_only`, `update_read_only`, `default_value`) values('5f1a8817483247a49f2e8c66424c45ab','phy_dist_count','截至本月底裸金属已分配总量（台）','6811d01f594a4c39a797a3b1ce505d05','debb3949-7bbc-11e9-b0c3-0242ac110002','40','','4','否','否','否','否','10347','0','0','0','');
insert into `cmdb_code` (`code_id`, `filed_code`, `filed_name`, `module_catalog_id`, `control_type_id`, `code_length`, `code_tip`, `display_style`, `is_bind_source`, `is_validate`, `is_approve`, `is_collect`, `sort_index`, `is_delete`, `add_read_only`, `update_read_only`, `default_value`) values('8c0b5b42d4a6453db380c4dd2f49f05c','phy_use_count','截至本月底裸金属已使用总量（台）','6811d01f594a4c39a797a3b1ce505d05','debb3949-7bbc-11e9-b0c3-0242ac110002','40','','4','否','否','否','否','10348','0','0','0','');
insert into `cmdb_code` (`code_id`, `filed_code`, `filed_name`, `module_catalog_id`, `control_type_id`, `code_length`, `code_tip`, `display_style`, `is_bind_source`, `is_validate`, `is_approve`, `is_collect`, `sort_index`, `is_delete`, `add_read_only`, `update_read_only`, `default_value`) values('b9d781e34de240bc9a29f01c5ffdf97f','phy_use_rate','裸金属资源使用率（%）','6811d01f594a4c39a797a3b1ce505d05','debb3949-7bbc-11e9-b0c3-0242ac110002','40','','4','否','否','否','否','10349','0','0','0','');
insert into `cmdb_code` (`code_id`, `filed_code`, `filed_name`, `module_catalog_id`, `control_type_id`, `code_length`, `code_tip`, `display_style`, `is_bind_source`, `is_validate`, `is_approve`, `is_collect`, `sort_index`, `is_delete`, `add_read_only`, `update_read_only`, `default_value`) values('02e8e6c86d244810b5b6e4032817bfde','pod_name','POD名称','6811d01f594a4c39a797a3b1ce505d05','debb3949-7bbc-11e9-b0c3-0242ac110002','40','','4','否','否','否','否','10346','0','0','0','');
insert into `cmdb_code` (`code_id`, `filed_code`, `filed_name`, `module_catalog_id`, `control_type_id`, `code_length`, `code_tip`, `display_style`, `is_bind_source`, `is_validate`, `is_approve`, `is_collect`, `sort_index`, `is_delete`, `add_read_only`, `update_read_only`, `default_value`) values('f0e8e0833dad46ddac681f4569c065a6','remark','备注','6811d01f594a4c39a797a3b1ce505d05','debb3949-7bbc-11e9-b0c3-0242ac110002','40','','4','否','否','否','否','10377','0','0','0','');
insert into `cmdb_code` (`code_id`, `filed_code`, `filed_name`, `module_catalog_id`, `control_type_id`, `code_length`, `code_tip`, `display_style`, `is_bind_source`, `is_validate`, `is_approve`, `is_collect`, `sort_index`, `is_delete`, `add_read_only`, `update_read_only`, `default_value`) values('19515fdd930743c8a82b626becf3be46','report_table_type','报表类型','6811d01f594a4c39a797a3b1ce505d05','debb3cfd-7bbc-11e9-b0c3-0242ac110002','40','','4','是','否','否','否',NULL,'0','0','0','');
insert into `cmdb_code` (`code_id`, `filed_code`, `filed_name`, `module_catalog_id`, `control_type_id`, `code_length`, `code_tip`, `display_style`, `is_bind_source`, `is_validate`, `is_approve`, `is_collect`, `sort_index`, `is_delete`, `add_read_only`, `update_read_only`, `default_value`) values('9cd19de010df44a4bdd06e248bebe7b8','storage_type','存储资源类型','6811d01f594a4c39a797a3b1ce505d05','debb3949-7bbc-11e9-b0c3-0242ac110002','40','','4','否','否','否','否','10337','0','0','0','');
insert into `cmdb_code` (`code_id`, `filed_code`, `filed_name`, `module_catalog_id`, `control_type_id`, `code_length`, `code_tip`, `display_style`, `is_bind_source`, `is_validate`, `is_approve`, `is_collect`, `sort_index`, `is_delete`, `add_read_only`, `update_read_only`, `default_value`) values('526864469b9b402097ae7369416df79e','surplus_count','已建剩余设备总量（台）','6811d01f594a4c39a797a3b1ce505d05','debb3949-7bbc-11e9-b0c3-0242ac110002','40','','4','否','否','否','否','10312','0','0','0','');
insert into `cmdb_code` (`code_id`, `filed_code`, `filed_name`, `module_catalog_id`, `control_type_id`, `code_length`, `code_tip`, `display_style`, `is_bind_source`, `is_validate`, `is_approve`, `is_collect`, `sort_index`, `is_delete`, `add_read_only`, `update_read_only`, `default_value`) values('87b807e9ec714394b80abf40ce867cb6','unm_network_count','在建设备总量（台）','6811d01f594a4c39a797a3b1ce505d05','debb3949-7bbc-11e9-b0c3-0242ac110002','40','','4','否','否','否','否','10345','0','0','0','');
insert into `cmdb_code` (`code_id`, `filed_code`, `filed_name`, `module_catalog_id`, `control_type_id`, `code_length`, `code_tip`, `display_style`, `is_bind_source`, `is_validate`, `is_approve`, `is_collect`, `sort_index`, `is_delete`, `add_read_only`, `update_read_only`, `default_value`) values('a612399b0f7c48078806de3bf5ad15ff','unm_phy_all_count','未交维所有物理服务器数量（台）','6811d01f594a4c39a797a3b1ce505d05','debb3949-7bbc-11e9-b0c3-0242ac110002','40','','4','否','否','否','否','10298','0','0','0','');
insert into `cmdb_code` (`code_id`, `filed_code`, `filed_name`, `module_catalog_id`, `control_type_id`, `code_length`, `code_tip`, `display_style`, `is_bind_source`, `is_validate`, `is_approve`, `is_collect`, `sort_index`, `is_delete`, `add_read_only`, `update_read_only`, `default_value`) values('8649d1065d3242cab35c76b066c98c17','unm_phy_comp_count','未交维物理计算资源（台）-不含管理节点','6811d01f594a4c39a797a3b1ce505d05','debb3949-7bbc-11e9-b0c3-0242ac110002','40','','4','否','否','否','否','10299','0','0','0','');
insert into `cmdb_code` (`code_id`, `filed_code`, `filed_name`, `module_catalog_id`, `control_type_id`, `code_length`, `code_tip`, `display_style`, `is_bind_source`, `is_validate`, `is_approve`, `is_collect`, `sort_index`, `is_delete`, `add_read_only`, `update_read_only`, `default_value`) values('31a27367b18d4612853eeb3d256ed581','unm_phy_gup_comp_count','未交维GPU计算资源（台）-不含管理节点','6811d01f594a4c39a797a3b1ce505d05','debb3949-7bbc-11e9-b0c3-0242ac110002','40','','4','否','否','否','否','10300','0','0','0','');
insert into `cmdb_code` (`code_id`, `filed_code`, `filed_name`, `module_catalog_id`, `control_type_id`, `code_length`, `code_tip`, `display_style`, `is_bind_source`, `is_validate`, `is_approve`, `is_collect`, `sort_index`, `is_delete`, `add_read_only`, `update_read_only`, `default_value`) values('a090c733849646fc881db0d54a0d3037','unm_phy_host_comp_count','未交维宿主机数（台）-不含管理节点','6811d01f594a4c39a797a3b1ce505d05','debb3949-7bbc-11e9-b0c3-0242ac110002','40','','4','否','否','否','否','10301','0','0','0','');
insert into `cmdb_code` (`code_id`, `filed_code`, `filed_name`, `module_catalog_id`, `control_type_id`, `code_length`, `code_tip`, `display_style`, `is_bind_source`, `is_validate`, `is_approve`, `is_collect`, `sort_index`, `is_delete`, `add_read_only`, `update_read_only`, `default_value`) values('5e2cabcf5ac14f9fa98075ea4fe53597','unm_phy_manage_count','未交维管理节点（台）-资源中非计算和存储资源的节点','6811d01f594a4c39a797a3b1ce505d05','debb3949-7bbc-11e9-b0c3-0242ac110002','40','','4','否','否','否','否','10303','0','0','0','');
insert into `cmdb_code` (`code_id`, `filed_code`, `filed_name`, `module_catalog_id`, `control_type_id`, `code_length`, `code_tip`, `display_style`, `is_bind_source`, `is_validate`, `is_approve`, `is_collect`, `sort_index`, `is_delete`, `add_read_only`, `update_read_only`, `default_value`) values('817c7eb5aba247a4a7e81cc8bd3da0ed','unm_phy_storage_count','未交维存储服务器（台）-不含管理节点','6811d01f594a4c39a797a3b1ce505d05','debb3949-7bbc-11e9-b0c3-0242ac110002','40','','4','否','否','否','否','10302','0','0','0','');
insert into `cmdb_code` (`code_id`, `filed_code`, `filed_name`, `module_catalog_id`, `control_type_id`, `code_length`, `code_tip`, `display_style`, `is_bind_source`, `is_validate`, `is_approve`, `is_collect`, `sort_index`, `is_delete`, `add_read_only`, `update_read_only`, `default_value`) values('2cbf1832eeb145ff984d1c745ffab305','unm_predist_storage_count','在建已预分配总量（T）（未交维部分）','6811d01f594a4c39a797a3b1ce505d05','debb3949-7bbc-11e9-b0c3-0242ac110002','40','','4','否','否','否','否','10342','0','0','0','');
insert into `cmdb_code` (`code_id`, `filed_code`, `filed_name`, `module_catalog_id`, `control_type_id`, `code_length`, `code_tip`, `display_style`, `is_bind_source`, `is_validate`, `is_approve`, `is_collect`, `sort_index`, `is_delete`, `add_read_only`, `update_read_only`, `default_value`) values('d16eda2da6cb422cba761422bfb42e26','unm_storage_count','在建存储资源总量（T）（未交维部分）','6811d01f594a4c39a797a3b1ce505d05','debb3949-7bbc-11e9-b0c3-0242ac110002','40','','4','否','否','否','否','10341','0','0','0','');
insert into `cmdb_code` (`code_id`, `filed_code`, `filed_name`, `module_catalog_id`, `control_type_id`, `code_length`, `code_tip`, `display_style`, `is_bind_source`, `is_validate`, `is_approve`, `is_collect`, `sort_index`, `is_delete`, `add_read_only`, `update_read_only`, `default_value`) values('4ed5ed16917e478592cff0e8ef7f8578','update_person','修改人','6811d01f594a4c39a797a3b1ce505d05','debb3949-7bbc-11e9-b0c3-0242ac110002','40','','4','否','否','否','否','10309','0','1','1','');
insert into `cmdb_code` (`code_id`, `filed_code`, `filed_name`, `module_catalog_id`, `control_type_id`, `code_length`, `code_tip`, `display_style`, `is_bind_source`, `is_validate`, `is_approve`, `is_collect`, `sort_index`, `is_delete`, `add_read_only`, `update_read_only`, `default_value`) values('1956b3765ae6491ca71f2f251cb7f2bc','update_time','修改时间','6811d01f594a4c39a797a3b1ce505d05','debb3e53-7bbc-11e9-b0c3-0242ac110002','40','','4','否','否','否','否','10308','0','1','1','');
insert into `cmdb_code` (`code_id`, `filed_code`, `filed_name`, `module_catalog_id`, `control_type_id`, `code_length`, `code_tip`, `display_style`, `is_bind_source`, `is_validate`, `is_approve`, `is_collect`, `sort_index`, `is_delete`, `add_read_only`, `update_read_only`, `default_value`) values('3e29ae5a23ac4a2d8d76cb9c6b8dd405','use_comp_count','截至当月已使用设备总量（台）','6811d01f594a4c39a797a3b1ce505d05','debb3949-7bbc-11e9-b0c3-0242ac110002','40','','4','否','否','否','否','10311','0','0','0','');
insert into `cmdb_code` (`code_id`, `filed_code`, `filed_name`, `module_catalog_id`, `control_type_id`, `code_length`, `code_tip`, `display_style`, `is_bind_source`, `is_validate`, `is_approve`, `is_collect`, `sort_index`, `is_delete`, `add_read_only`, `update_read_only`, `default_value`) values('f6c935091fc745d3bd0df688cb475adb','use_rate','资源使用率（%）','6811d01f594a4c39a797a3b1ce505d05','debb3949-7bbc-11e9-b0c3-0242ac110002','40','','4','否','否','否','否','10314','0','0','0','');
insert into `cmdb_code` (`code_id`, `filed_code`, `filed_name`, `module_catalog_id`, `control_type_id`, `code_length`, `code_tip`, `display_style`, `is_bind_source`, `is_validate`, `is_approve`, `is_collect`, `sort_index`, `is_delete`, `add_read_only`, `update_read_only`, `default_value`) values('48f3efbaa4524c838a124083615f7bb2','use_storage_count','已使用存储资源总量（T）','6811d01f594a4c39a797a3b1ce505d05','debb3949-7bbc-11e9-b0c3-0242ac110002','40','','4','否','否','否','否','10340','0','0','0','');
insert into `cmdb_code` (`code_id`, `filed_code`, `filed_name`, `module_catalog_id`, `control_type_id`, `code_length`, `code_tip`, `display_style`, `is_bind_source`, `is_validate`, `is_approve`, `is_collect`, `sort_index`, `is_delete`, `add_read_only`, `update_read_only`, `default_value`) values('ecf4d74ed1ca4c10bdbbee0236bfa28e','vm_dist_count','已分配的云主机总量（台）','6811d01f594a4c39a797a3b1ce505d05','debb3949-7bbc-11e9-b0c3-0242ac110002','40','','4','否','否','否','否','10328','0','0','0','');
insert into `cmdb_code` (`code_id`, `filed_code`, `filed_name`, `module_catalog_id`, `control_type_id`, `code_length`, `code_tip`, `display_style`, `is_bind_source`, `is_validate`, `is_approve`, `is_collect`, `sort_index`, `is_delete`, `add_read_only`, `update_read_only`, `default_value`) values('5f67644dadb84ab0aa4fec4d5e8bb632','vm_dist_memory_count','云主机已分配内存总量（G）','6811d01f594a4c39a797a3b1ce505d05','debb3949-7bbc-11e9-b0c3-0242ac110002','40','','4','否','否','否','否','10354','0','0','0','');
insert into `cmdb_code` (`code_id`, `filed_code`, `filed_name`, `module_catalog_id`, `control_type_id`, `code_length`, `code_tip`, `display_style`, `is_bind_source`, `is_validate`, `is_approve`, `is_collect`, `sort_index`, `is_delete`, `add_read_only`, `update_read_only`, `default_value`) values('61ec9218182c465e8a1037f0cb16834b','vm_dist_memory_size','已分配云主机总内存（G）','6811d01f594a4c39a797a3b1ce505d05','debb3949-7bbc-11e9-b0c3-0242ac110002','40','','4','否','否','否','否','10330','0','0','0','');
insert into `cmdb_code` (`code_id`, `filed_code`, `filed_name`, `module_catalog_id`, `control_type_id`, `code_length`, `code_tip`, `display_style`, `is_bind_source`, `is_validate`, `is_approve`, `is_collect`, `sort_index`, `is_delete`, `add_read_only`, `update_read_only`, `default_value`) values('3cc9a0f22e3647c49a0c90096d7831b5','vm_dist_vcpu_core_count','已分配云主机VCPU核数（个）','6811d01f594a4c39a797a3b1ce505d05','debb3949-7bbc-11e9-b0c3-0242ac110002','40','','4','否','否','否','否','10329','0','0','0','');
insert into `cmdb_code` (`code_id`, `filed_code`, `filed_name`, `module_catalog_id`, `control_type_id`, `code_length`, `code_tip`, `display_style`, `is_bind_source`, `is_validate`, `is_approve`, `is_collect`, `sort_index`, `is_delete`, `add_read_only`, `update_read_only`, `default_value`) values('d7b3fe33fcd24c80a210983180941072','vm_dist_vcpu_core_number','云主机已分配核数VCPU总量（个）','6811d01f594a4c39a797a3b1ce505d05','debb3949-7bbc-11e9-b0c3-0242ac110002','40','','4','否','否','否','否','10353','0','0','0','');
insert into `cmdb_code` (`code_id`, `filed_code`, `filed_name`, `module_catalog_id`, `control_type_id`, `code_length`, `code_tip`, `display_style`, `is_bind_source`, `is_validate`, `is_approve`, `is_collect`, `sort_index`, `is_delete`, `add_read_only`, `update_read_only`, `default_value`) values('effcd4e42e124f129c65fb2ef2503cd3','vm_host_count','宿主机总量（台）','6811d01f594a4c39a797a3b1ce505d05','debb3949-7bbc-11e9-b0c3-0242ac110002','40','','4','否','否','否','否','10322','0','0','0','');
insert into `cmdb_code` (`code_id`, `filed_code`, `filed_name`, `module_catalog_id`, `control_type_id`, `code_length`, `code_tip`, `display_style`, `is_bind_source`, `is_validate`, `is_approve`, `is_collect`, `sort_index`, `is_delete`, `add_read_only`, `update_read_only`, `default_value`) values('61f673ec7e114350a4fce9237911d0a6','vm_host_cpu_core_number','宿主机CPU核数（个）','6811d01f594a4c39a797a3b1ce505d05','debb3949-7bbc-11e9-b0c3-0242ac110002','40','','4','否','否','否','否','10323','0','0','0','');
insert into `cmdb_code` (`code_id`, `filed_code`, `filed_name`, `module_catalog_id`, `control_type_id`, `code_length`, `code_tip`, `display_style`, `is_bind_source`, `is_validate`, `is_approve`, `is_collect`, `sort_index`, `is_delete`, `add_read_only`, `update_read_only`, `default_value`) values('1c7871e736d94fb0880a7284475050db','vm_host_memory_size','宿主机总内存（G）','6811d01f594a4c39a797a3b1ce505d05','debb3949-7bbc-11e9-b0c3-0242ac110002','40','','4','否','否','否','否','10324','0','0','0','');
insert into `cmdb_code` (`code_id`, `filed_code`, `filed_name`, `module_catalog_id`, `control_type_id`, `code_length`, `code_tip`, `display_style`, `is_bind_source`, `is_validate`, `is_approve`, `is_collect`, `sort_index`, `is_delete`, `add_read_only`, `update_read_only`, `default_value`) values('2db83e2cf6574a45a3bb7e6e3f31a92c','vm_host_w_dist_memory_size','宿主机待分配内存（G）','6811d01f594a4c39a797a3b1ce505d05','debb3949-7bbc-11e9-b0c3-0242ac110002','40','','4','否','否','否','否','10334','0','0','0','');
insert into `cmdb_code` (`code_id`, `filed_code`, `filed_name`, `module_catalog_id`, `control_type_id`, `code_length`, `code_tip`, `display_style`, `is_bind_source`, `is_validate`, `is_approve`, `is_collect`, `sort_index`, `is_delete`, `add_read_only`, `update_read_only`, `default_value`) values('b5d491bc01f54841ab3bc7be20935096','vm_manage_count','云主机管理节点数量（台）','6811d01f594a4c39a797a3b1ce505d05','debb3949-7bbc-11e9-b0c3-0242ac110002','40','','4','否','否','否','否','10325','0','0','0','');
insert into `cmdb_code` (`code_id`, `filed_code`, `filed_name`, `module_catalog_id`, `control_type_id`, `code_length`, `code_tip`, `display_style`, `is_bind_source`, `is_validate`, `is_approve`, `is_collect`, `sort_index`, `is_delete`, `add_read_only`, `update_read_only`, `default_value`) values('72031eceec9e44959a89a1e89fa442c7','vm_manage_memory_size','云主机管理节点内存数量（G）','6811d01f594a4c39a797a3b1ce505d05','debb3949-7bbc-11e9-b0c3-0242ac110002','40','','4','否','否','否','否','10327','0','0','0','');
insert into `cmdb_code` (`code_id`, `filed_code`, `filed_name`, `module_catalog_id`, `control_type_id`, `code_length`, `code_tip`, `display_style`, `is_bind_source`, `is_validate`, `is_approve`, `is_collect`, `sort_index`, `is_delete`, `add_read_only`, `update_read_only`, `default_value`) values('2d7527869ee54c51960efca19386c375','vm_manage_vcpu_count','云主机管理节点VCPU数量（个）','6811d01f594a4c39a797a3b1ce505d05','debb3949-7bbc-11e9-b0c3-0242ac110002','40','','4','否','否','否','否','10326','0','0','0','');
insert into `cmdb_code` (`code_id`, `filed_code`, `filed_name`, `module_catalog_id`, `control_type_id`, `code_length`, `code_tip`, `display_style`, `is_bind_source`, `is_validate`, `is_approve`, `is_collect`, `sort_index`, `is_delete`, `add_read_only`, `update_read_only`, `default_value`) values('f6bd3546e2f44987a986a02eb44e228e','vm_rate','虚拟化比（%）(云主机数量/物理机数量)','6811d01f594a4c39a797a3b1ce505d05','debb3949-7bbc-11e9-b0c3-0242ac110002','40','','4','否','否','否','否','10336','0','0','0','');
insert into `cmdb_code` (`code_id`, `filed_code`, `filed_name`, `module_catalog_id`, `control_type_id`, `code_length`, `code_tip`, `display_style`, `is_bind_source`, `is_validate`, `is_approve`, `is_collect`, `sort_index`, `is_delete`, `add_read_only`, `update_read_only`, `default_value`) values('6342b4c6d85b413886d661c9ee976bcf','vm_use_count','已使用云主机数量（台）','6811d01f594a4c39a797a3b1ce505d05','debb3949-7bbc-11e9-b0c3-0242ac110002','40','','4','否','否','否','否','10331','0','0','0','');
insert into `cmdb_code` (`code_id`, `filed_code`, `filed_name`, `module_catalog_id`, `control_type_id`, `code_length`, `code_tip`, `display_style`, `is_bind_source`, `is_validate`, `is_approve`, `is_collect`, `sort_index`, `is_delete`, `add_read_only`, `update_read_only`, `default_value`) values('f4bbbed53e2145749bb67d37e1d5bfde','vm_use_memory_size','已使用云主机总内存（G）','6811d01f594a4c39a797a3b1ce505d05','debb3949-7bbc-11e9-b0c3-0242ac110002','40','','4','否','否','否','否','10333','0','0','0','');
insert into `cmdb_code` (`code_id`, `filed_code`, `filed_name`, `module_catalog_id`, `control_type_id`, `code_length`, `code_tip`, `display_style`, `is_bind_source`, `is_validate`, `is_approve`, `is_collect`, `sort_index`, `is_delete`, `add_read_only`, `update_read_only`, `default_value`) values('b77b695542cf48a986519128b7de84bd','vm_use_rate','云主机使用率（%）','6811d01f594a4c39a797a3b1ce505d05','debb3949-7bbc-11e9-b0c3-0242ac110002','40','','4','否','否','否','否','10335','0','0','0','');
insert into `cmdb_code` (`code_id`, `filed_code`, `filed_name`, `module_catalog_id`, `control_type_id`, `code_length`, `code_tip`, `display_style`, `is_bind_source`, `is_validate`, `is_approve`, `is_collect`, `sort_index`, `is_delete`, `add_read_only`, `update_read_only`, `default_value`) values('c5ea323139d647f8ae1222eaa71727fb','vm_use_vcpu_core_count','已使用云主机VCPU核数（个）','6811d01f594a4c39a797a3b1ce505d05','debb3949-7bbc-11e9-b0c3-0242ac110002','40','','4','否','否','否','否','10332','0','0','0','');
insert into `cmdb_code` (`code_id`, `filed_code`, `filed_name`, `module_catalog_id`, `control_type_id`, `code_length`, `code_tip`, `display_style`, `is_bind_source`, `is_validate`, `is_approve`, `is_collect`, `sort_index`, `is_delete`, `add_read_only`, `update_read_only`, `default_value`) values('f9cef30e969943b98f9cfe2204c7e4c6','vm_use_vcpu_core_number','云主机已使用核数VCPU总量（个）','6811d01f594a4c39a797a3b1ce505d05','debb3949-7bbc-11e9-b0c3-0242ac110002','40','','4','否','否','否','否','10355','0','0','0','');

insert into `cmdb_v3_code_bind_source` (`id`, `code_id`, `bind_source_type`, `dict_source`, `table_source`, `table_sql`, `ref_module_id`, `show_module_code_id`, `ref_module_query`, `is_delete`) values('d11b246b4af640d789ca2030a6e2260c','19515fdd930743c8a82b626becf3be46','引用模型','',NULL,'','3b30d3f751924c2e89cd15c16e3d92e2','1e8f1176a2124ebca08fbfc167d555ed','[{\"filed\":\"col_name\",\"operator\":\"=\",\"value\":\"report_table_type\"}]','0');
insert into `cmdb_v3_code_bind_source` (`id`, `code_id`, `bind_source_type`, `dict_source`, `table_source`, `table_sql`, `ref_module_id`, `show_module_code_id`, `ref_module_query`, `is_delete`) values('12e0c6a33f794e5c9cda8a65dd805a56','6d5a993b6090462490331e33053373a7','引用模型','',NULL,'','3b30d3f751924c2e89cd15c16e3d92e2','1e8f1176a2124ebca08fbfc167d555ed','[{\"filed\":\"col_name\",\"operator\":\"=\",\"value\":\"month_report_type\"}]','0');

insert into `cmdb_v3_code_cascade` (`id`, `code_id`, `sub_code_id`, `sql_string`, `sort_index`, `is_delete`) values('01b67c5ce66446d7bc8ade7fe340274e','0068004cd523439eb3ab72c0d46c6e48','','','1','0');
insert into `cmdb_v3_code_cascade` (`id`, `code_id`, `sub_code_id`, `sql_string`, `sort_index`, `is_delete`) values('c4b83df419bd47068c0501075a043c2f','02e8e6c86d244810b5b6e4032817bfde','','','1','0');
insert into `cmdb_v3_code_cascade` (`id`, `code_id`, `sub_code_id`, `sql_string`, `sort_index`, `is_delete`) values('c2ac2d5af4d8442a89580b8d3f8ce999','03562537b80a43f3a4f3da6536698c6a','','','1','0');
insert into `cmdb_v3_code_cascade` (`id`, `code_id`, `sub_code_id`, `sql_string`, `sort_index`, `is_delete`) values('3784263646ce43baa88c9f98a18a517c','08aaac15a7f14f89a6ecfa3c71629faa','','','1','0');
insert into `cmdb_v3_code_cascade` (`id`, `code_id`, `sub_code_id`, `sql_string`, `sort_index`, `is_delete`) values('a6a225d6f22c4434a3f2ef646b87bc70','0e71e6229cf44b2b8b4a27df4b329c2c','','','1','0');
insert into `cmdb_v3_code_cascade` (`id`, `code_id`, `sub_code_id`, `sql_string`, `sort_index`, `is_delete`) values('2a40539c70544d5ebef6217fef78fa61','10a199ebc4aa447ea0beac7e504ff7ff','','','1','0');
insert into `cmdb_v3_code_cascade` (`id`, `code_id`, `sub_code_id`, `sql_string`, `sort_index`, `is_delete`) values('199df22c50e84d758f420aba364b4fc1','10a47b0e77754353a31a5203794e8502','','','1','0');
insert into `cmdb_v3_code_cascade` (`id`, `code_id`, `sub_code_id`, `sql_string`, `sort_index`, `is_delete`) values('863d05ee2d5443dd986f47a9ae4ad32d','13a3fefef70747f881ab5eb2caaf6f25','','','1','0');
insert into `cmdb_v3_code_cascade` (`id`, `code_id`, `sub_code_id`, `sql_string`, `sort_index`, `is_delete`) values('8b001fb7bdee4755ac05d2c7bd4c8232','16ae75238fbc4fe99d905f0181e0b184','','','1','0');
insert into `cmdb_v3_code_cascade` (`id`, `code_id`, `sub_code_id`, `sql_string`, `sort_index`, `is_delete`) values('0498dfa27c4c4252989a2a4cf0fe8993','19515fdd930743c8a82b626becf3be46','','','1','0');
insert into `cmdb_v3_code_cascade` (`id`, `code_id`, `sub_code_id`, `sql_string`, `sort_index`, `is_delete`) values('f5effe3fb3de43acbe8d2386df20b88d','1956b3765ae6491ca71f2f251cb7f2bc','','','1','0');
insert into `cmdb_v3_code_cascade` (`id`, `code_id`, `sub_code_id`, `sql_string`, `sort_index`, `is_delete`) values('104fd592fb0f4e0b90f489476140809f','1963b74454f54362b1bd10926049b449','','','1','0');
insert into `cmdb_v3_code_cascade` (`id`, `code_id`, `sub_code_id`, `sql_string`, `sort_index`, `is_delete`) values('0160ca390d9e4bfa8898cc43609e589c','1a47d988e8f947428035e9e6975e2394','','','1','0');
insert into `cmdb_v3_code_cascade` (`id`, `code_id`, `sub_code_id`, `sql_string`, `sort_index`, `is_delete`) values('467f4ac08d064ba9bb2d54aa9f1b0435','1c6ed726babe412d9bff0c51c2096208','','','1','0');
insert into `cmdb_v3_code_cascade` (`id`, `code_id`, `sub_code_id`, `sql_string`, `sort_index`, `is_delete`) values('4e91afbb09ba4989a6c3a99670142fd5','1c7871e736d94fb0880a7284475050db','','','1','0');
insert into `cmdb_v3_code_cascade` (`id`, `code_id`, `sub_code_id`, `sql_string`, `sort_index`, `is_delete`) values('711db5236a784867b3bcb41a9aeacd68','2154b967633043d382397a2c81022e89','','','1','0');
insert into `cmdb_v3_code_cascade` (`id`, `code_id`, `sub_code_id`, `sql_string`, `sort_index`, `is_delete`) values('2fa81246d6cf4e9d9cb0102457a8694e','262d837c73774d6aa4d5dc98b43d8c61','','','1','0');
insert into `cmdb_v3_code_cascade` (`id`, `code_id`, `sub_code_id`, `sql_string`, `sort_index`, `is_delete`) values('194e4bcf36a944ee8d3f75d7b29afbf7','28b46836af934e1bb9287abdb0bdcdd9','','','1','0');
insert into `cmdb_v3_code_cascade` (`id`, `code_id`, `sub_code_id`, `sql_string`, `sort_index`, `is_delete`) values('e71eee710d11411c91cd6c7b56958c8e','29b613ea8a2542078a8110c21b9151ae','','','1','0');
insert into `cmdb_v3_code_cascade` (`id`, `code_id`, `sub_code_id`, `sql_string`, `sort_index`, `is_delete`) values('f1e6195472cb404ea451eb2fa6a29851','2b128c9cd65d4e689e83c2cba0370eac','','','1','0');
insert into `cmdb_v3_code_cascade` (`id`, `code_id`, `sub_code_id`, `sql_string`, `sort_index`, `is_delete`) values('561b8da41dc5487ea30cde191ad3ef45','2cbf1832eeb145ff984d1c745ffab305','','','1','0');
insert into `cmdb_v3_code_cascade` (`id`, `code_id`, `sub_code_id`, `sql_string`, `sort_index`, `is_delete`) values('0e6fb31fe2f34a5bb30662560f3bcc12','2d7527869ee54c51960efca19386c375','','','1','0');
insert into `cmdb_v3_code_cascade` (`id`, `code_id`, `sub_code_id`, `sql_string`, `sort_index`, `is_delete`) values('1489f26b31254e8ebf8a4a38c55f7b91','2db83e2cf6574a45a3bb7e6e3f31a92c','','','1','0');
insert into `cmdb_v3_code_cascade` (`id`, `code_id`, `sub_code_id`, `sql_string`, `sort_index`, `is_delete`) values('c66d8e061c174a4a8fcc938160410d81','31a27367b18d4612853eeb3d256ed581','','','1','0');
insert into `cmdb_v3_code_cascade` (`id`, `code_id`, `sub_code_id`, `sql_string`, `sort_index`, `is_delete`) values('eede651d3b4045fcbb42d891064bd285','34e83a9b080c40dd942079ee9e955e4d','','','1','0');
insert into `cmdb_v3_code_cascade` (`id`, `code_id`, `sub_code_id`, `sql_string`, `sort_index`, `is_delete`) values('b0335de3255a4ef49fa08897d493e3c4','38adc7f8b38249d0b8f7275c603d2263','','','1','0');
insert into `cmdb_v3_code_cascade` (`id`, `code_id`, `sub_code_id`, `sql_string`, `sort_index`, `is_delete`) values('9011f2fff60249cb9c56daeb72792bff','3cc9a0f22e3647c49a0c90096d7831b5','','','1','0');
insert into `cmdb_v3_code_cascade` (`id`, `code_id`, `sub_code_id`, `sql_string`, `sort_index`, `is_delete`) values('703ac17c699c43eca996eac9fd3e7d31','3e29ae5a23ac4a2d8d76cb9c6b8dd405','','','1','0');
insert into `cmdb_v3_code_cascade` (`id`, `code_id`, `sub_code_id`, `sql_string`, `sort_index`, `is_delete`) values('f1e389b2083d414998c1bf8c750946c3','42c5d2c2bc4d4b36b3bf7a5e81ecad39','','','1','0');
insert into `cmdb_v3_code_cascade` (`id`, `code_id`, `sub_code_id`, `sql_string`, `sort_index`, `is_delete`) values('191a3fd6122a47b5b1f2ae0c3377f24f','4780c632835b49a8a6f8cd2c21efcafa','','','1','0');
insert into `cmdb_v3_code_cascade` (`id`, `code_id`, `sub_code_id`, `sql_string`, `sort_index`, `is_delete`) values('b3f38932eb354825a6f612c0545513a2','48f3efbaa4524c838a124083615f7bb2','','','1','0');
insert into `cmdb_v3_code_cascade` (`id`, `code_id`, `sub_code_id`, `sql_string`, `sort_index`, `is_delete`) values('4162db9bfa3c4882b409be692402364e','4c3cabf6db924d1eb686ea42cb400682','','','1','0');
insert into `cmdb_v3_code_cascade` (`id`, `code_id`, `sub_code_id`, `sql_string`, `sort_index`, `is_delete`) values('c06b939b294d48caaa956176a2a64ff5','4c5117c62e53457c9d8c08ded2290072','','','1','0');
insert into `cmdb_v3_code_cascade` (`id`, `code_id`, `sub_code_id`, `sql_string`, `sort_index`, `is_delete`) values('fdc5f973cef142168ac1fde8cd4c5885','4ed5ed16917e478592cff0e8ef7f8578','','','1','0');
insert into `cmdb_v3_code_cascade` (`id`, `code_id`, `sub_code_id`, `sql_string`, `sort_index`, `is_delete`) values('220df01ac8004dbfb57a141d9eaabbe9','526864469b9b402097ae7369416df79e','','','1','0');
insert into `cmdb_v3_code_cascade` (`id`, `code_id`, `sub_code_id`, `sql_string`, `sort_index`, `is_delete`) values('70606a14ab7d401a963061c18747c987','545e93c0dbfa47009d370d17038791c8','','','1','0');
insert into `cmdb_v3_code_cascade` (`id`, `code_id`, `sub_code_id`, `sql_string`, `sort_index`, `is_delete`) values('81dfa68ebd3f4b77a92ef2dfaf3240ef','5a1dc633b5104471b38775c71532d095','','','1','0');
insert into `cmdb_v3_code_cascade` (`id`, `code_id`, `sub_code_id`, `sql_string`, `sort_index`, `is_delete`) values('726d13d5735747d781b71541ee99244a','5a869b5d47564a528ac3a60312f49754','','','1','0');
insert into `cmdb_v3_code_cascade` (`id`, `code_id`, `sub_code_id`, `sql_string`, `sort_index`, `is_delete`) values('aa8c7791ccdc4a30ac5dace48430fb96','5a9d9393a44b4503a5fe2d00b35bbb51','','','1','0');
insert into `cmdb_v3_code_cascade` (`id`, `code_id`, `sub_code_id`, `sql_string`, `sort_index`, `is_delete`) values('8a80daf509624ee7ab0d30a984af73ee','5e2cabcf5ac14f9fa98075ea4fe53597','','','1','0');
insert into `cmdb_v3_code_cascade` (`id`, `code_id`, `sub_code_id`, `sql_string`, `sort_index`, `is_delete`) values('1e418ee94417405c9aa2bf658baddd93','5f1a8817483247a49f2e8c66424c45ab','','','1','0');
insert into `cmdb_v3_code_cascade` (`id`, `code_id`, `sub_code_id`, `sql_string`, `sort_index`, `is_delete`) values('3e1a3e973f11453d842f5993236119cb','5f3a48e65fb44256b1c7dd414556ca6a','','','1','0');
insert into `cmdb_v3_code_cascade` (`id`, `code_id`, `sub_code_id`, `sql_string`, `sort_index`, `is_delete`) values('d0313554626e48a39e3be5f9d2481813','5f67644dadb84ab0aa4fec4d5e8bb632','','','1','0');
insert into `cmdb_v3_code_cascade` (`id`, `code_id`, `sub_code_id`, `sql_string`, `sort_index`, `is_delete`) values('5407992b42f44bd6bd76fdcfc63061ce','61ec9218182c465e8a1037f0cb16834b','','','1','0');
insert into `cmdb_v3_code_cascade` (`id`, `code_id`, `sub_code_id`, `sql_string`, `sort_index`, `is_delete`) values('946e01553130495c8f51f3f97c5bd88b','61f673ec7e114350a4fce9237911d0a6','','','1','0');
insert into `cmdb_v3_code_cascade` (`id`, `code_id`, `sub_code_id`, `sql_string`, `sort_index`, `is_delete`) values('e8ac8968d92a468890fff9934f86b145','6342b4c6d85b413886d661c9ee976bcf','','','1','0');
insert into `cmdb_v3_code_cascade` (`id`, `code_id`, `sub_code_id`, `sql_string`, `sort_index`, `is_delete`) values('11cd581fdeee4b0c855a13c459871e39','6d5a993b6090462490331e33053373a7','','','1','0');
insert into `cmdb_v3_code_cascade` (`id`, `code_id`, `sub_code_id`, `sql_string`, `sort_index`, `is_delete`) values('bd636979f22a40dbb90e4a68256c88b5','703545ef3a744b4298bba5f5130df2ef','','','1','0');
insert into `cmdb_v3_code_cascade` (`id`, `code_id`, `sub_code_id`, `sql_string`, `sort_index`, `is_delete`) values('f130ee94e831453f930abc0455f18461','72031eceec9e44959a89a1e89fa442c7','','','1','0');
insert into `cmdb_v3_code_cascade` (`id`, `code_id`, `sub_code_id`, `sql_string`, `sort_index`, `is_delete`) values('c03a04a3a5e94c608797f90964ab8aaa','7a5d8a1184ba47bfaff0eff08527e312','','','1','0');
insert into `cmdb_v3_code_cascade` (`id`, `code_id`, `sub_code_id`, `sql_string`, `sort_index`, `is_delete`) values('45774bdff6a24ed28a548a8ac800c610','7f158bb0f25d4c5cb2758e7d209d7b4c','','','1','0');
insert into `cmdb_v3_code_cascade` (`id`, `code_id`, `sub_code_id`, `sql_string`, `sort_index`, `is_delete`) values('5b075d20c2724c81a128dabe22b18da4','80554ae027104b3abbabdc4ab0323a80','','','1','0');
insert into `cmdb_v3_code_cascade` (`id`, `code_id`, `sub_code_id`, `sql_string`, `sort_index`, `is_delete`) values('15beaee3ebe44755bb415c4d4579731d','817c7eb5aba247a4a7e81cc8bd3da0ed','','','1','0');
insert into `cmdb_v3_code_cascade` (`id`, `code_id`, `sub_code_id`, `sql_string`, `sort_index`, `is_delete`) values('11687d2b159e4c4fbceb413c5da1889c','852a197f2b8b47bd8c614685b0f6d5ca','','','1','0');
insert into `cmdb_v3_code_cascade` (`id`, `code_id`, `sub_code_id`, `sql_string`, `sort_index`, `is_delete`) values('1ff347c2d2ac4737bf93b7d065e9a7f4','8649d1065d3242cab35c76b066c98c17','','','1','0');
insert into `cmdb_v3_code_cascade` (`id`, `code_id`, `sub_code_id`, `sql_string`, `sort_index`, `is_delete`) values('6a9cd831fc7b4707836e3c5417ca85a1','87b807e9ec714394b80abf40ce867cb6','','','1','0');
insert into `cmdb_v3_code_cascade` (`id`, `code_id`, `sub_code_id`, `sql_string`, `sort_index`, `is_delete`) values('b00edf141b724105a496a4e613170178','88b26816340648088625ba7fa05e5b32','','','1','0');
insert into `cmdb_v3_code_cascade` (`id`, `code_id`, `sub_code_id`, `sql_string`, `sort_index`, `is_delete`) values('1f247a79306042fbbb8682c470eddab6','8c0b5b42d4a6453db380c4dd2f49f05c','','','1','0');
insert into `cmdb_v3_code_cascade` (`id`, `code_id`, `sub_code_id`, `sql_string`, `sort_index`, `is_delete`) values('75c45fdc672245b68ab59a123793e951','8cc6f8072de147f8a1db1753fff981cc','','','1','0');
insert into `cmdb_v3_code_cascade` (`id`, `code_id`, `sub_code_id`, `sql_string`, `sort_index`, `is_delete`) values('162de36ca1b24707aae4a6f803231909','90283cbd82cf4c7d97b35e82f9acedf4','','','1','0');
insert into `cmdb_v3_code_cascade` (`id`, `code_id`, `sub_code_id`, `sql_string`, `sort_index`, `is_delete`) values('07b2508998584b44b57e694510ca8a36','9081564081614aa08d0e90303c5706b8','','','1','0');
insert into `cmdb_v3_code_cascade` (`id`, `code_id`, `sub_code_id`, `sql_string`, `sort_index`, `is_delete`) values('83a90a5b92154aa892ce5c39e8c55702','91194d5b672041edaf73e4ce785d9786','','','1','0');
insert into `cmdb_v3_code_cascade` (`id`, `code_id`, `sub_code_id`, `sql_string`, `sort_index`, `is_delete`) values('64100da031564ae591a7e4adae1c08ae','927a7ad71adb4825852e25f553d8a65c','','','1','0');
insert into `cmdb_v3_code_cascade` (`id`, `code_id`, `sub_code_id`, `sql_string`, `sort_index`, `is_delete`) values('a8806c7805684c8aac800ffd8630548b','9698f476787b4799a1da838a3bb2cb0e','','','1','0');
insert into `cmdb_v3_code_cascade` (`id`, `code_id`, `sub_code_id`, `sql_string`, `sort_index`, `is_delete`) values('389aa2817ece4f408cc3e378cbfaa97f','96e662da6dd84badb288531fbbdee591','','','1','0');
insert into `cmdb_v3_code_cascade` (`id`, `code_id`, `sub_code_id`, `sql_string`, `sort_index`, `is_delete`) values('c36704c6f14a49ecb516cc707604ff63','9cd19de010df44a4bdd06e248bebe7b8','','','1','0');
insert into `cmdb_v3_code_cascade` (`id`, `code_id`, `sub_code_id`, `sql_string`, `sort_index`, `is_delete`) values('bac7f3532bc347d799598a64bd43a778','9e2ae2fedafb406e9b8b1bb127ad8520','','','1','0');
insert into `cmdb_v3_code_cascade` (`id`, `code_id`, `sub_code_id`, `sql_string`, `sort_index`, `is_delete`) values('a4665d843fe4479e88e3ffcc3b624c3e','a090c733849646fc881db0d54a0d3037','','','1','0');
insert into `cmdb_v3_code_cascade` (`id`, `code_id`, `sub_code_id`, `sql_string`, `sort_index`, `is_delete`) values('f1b39ee76ba3479abf5fc1fd14f231f2','a41b3d4f70b247438f251a4a3e94fc98','','','1','0');
insert into `cmdb_v3_code_cascade` (`id`, `code_id`, `sub_code_id`, `sql_string`, `sort_index`, `is_delete`) values('a32e9b26842f4b01a9a1f8843bc0b53f','a612399b0f7c48078806de3bf5ad15ff','','','1','0');
insert into `cmdb_v3_code_cascade` (`id`, `code_id`, `sub_code_id`, `sql_string`, `sort_index`, `is_delete`) values('aa12b18ee98c4830ace519d4b303fb7f','ab5147355770455e9a21d593c75f7a38','','','1','0');
insert into `cmdb_v3_code_cascade` (`id`, `code_id`, `sub_code_id`, `sql_string`, `sort_index`, `is_delete`) values('da9fbc7dd5a14283b70f9ac94eec2e26','aee69d893222477faedb74cf511c1174','','','1','0');
insert into `cmdb_v3_code_cascade` (`id`, `code_id`, `sub_code_id`, `sql_string`, `sort_index`, `is_delete`) values('ea43fdf97b4b4db0aa721337a38cbdae','b02f3609332046a8bdb9763860c2dbdb','','','1','0');
insert into `cmdb_v3_code_cascade` (`id`, `code_id`, `sub_code_id`, `sql_string`, `sort_index`, `is_delete`) values('3972c137190b4695a7a9b4b05604a546','b4f36e8a4b8e4965bb3a48b95637bd0d','','','1','0');
insert into `cmdb_v3_code_cascade` (`id`, `code_id`, `sub_code_id`, `sql_string`, `sort_index`, `is_delete`) values('c10fad24c48b4629bf6f0dad209a1045','b5d491bc01f54841ab3bc7be20935096','','','1','0');
insert into `cmdb_v3_code_cascade` (`id`, `code_id`, `sub_code_id`, `sql_string`, `sort_index`, `is_delete`) values('c3c81ed5edac46048513ed0d17fb8892','b77b695542cf48a986519128b7de84bd','','','1','0');
insert into `cmdb_v3_code_cascade` (`id`, `code_id`, `sub_code_id`, `sql_string`, `sort_index`, `is_delete`) values('8678fcfe97de4d4a972a808af5a99499','b82ec9052ab344d8adbca8532a03e552','','','1','0');
insert into `cmdb_v3_code_cascade` (`id`, `code_id`, `sub_code_id`, `sql_string`, `sort_index`, `is_delete`) values('351975a9f1aa4fa59120b89390058fbb','b9d781e34de240bc9a29f01c5ffdf97f','','','1','0');
insert into `cmdb_v3_code_cascade` (`id`, `code_id`, `sub_code_id`, `sql_string`, `sort_index`, `is_delete`) values('fbc61bf0a39f47d9a35ff11f198e5a92','bab7a370b45746bc92c8aadcafec3153','','','1','0');
insert into `cmdb_v3_code_cascade` (`id`, `code_id`, `sub_code_id`, `sql_string`, `sort_index`, `is_delete`) values('5b73b65d72f74c17b33ac70d5c660d3d','c40696cce3e646baaee95fad23ae11d8','','','1','0');
insert into `cmdb_v3_code_cascade` (`id`, `code_id`, `sub_code_id`, `sql_string`, `sort_index`, `is_delete`) values('be77b2eae5cc40f7a640f0729ad8b008','c5ea323139d647f8ae1222eaa71727fb','','','1','0');
insert into `cmdb_v3_code_cascade` (`id`, `code_id`, `sub_code_id`, `sql_string`, `sort_index`, `is_delete`) values('51f20bec2d854f49af62f686ffccad3c','cdc61402eb644269bb62a4c096afa23c','','','1','0');
insert into `cmdb_v3_code_cascade` (`id`, `code_id`, `sub_code_id`, `sql_string`, `sort_index`, `is_delete`) values('6edf66c65dda486a8d6efd5d1b6d2ee4','ce8ffde6d490447b8d38956377fb3e4e','','','1','0');
insert into `cmdb_v3_code_cascade` (`id`, `code_id`, `sub_code_id`, `sql_string`, `sort_index`, `is_delete`) values('7bf39f8b050641c58e8e856b9ee495f8','ceecc1471f884350b7f712948c80d1dc','','','1','0');
insert into `cmdb_v3_code_cascade` (`id`, `code_id`, `sub_code_id`, `sql_string`, `sort_index`, `is_delete`) values('b414ea2ff13f468eb1a1570ad7d9cdab','d041436b8f9b424d8a4c21b800e65a1d','','','1','0');
insert into `cmdb_v3_code_cascade` (`id`, `code_id`, `sub_code_id`, `sql_string`, `sort_index`, `is_delete`) values('8d3aec152a6746e6b8a2220842041783','d16eda2da6cb422cba761422bfb42e26','','','1','0');
insert into `cmdb_v3_code_cascade` (`id`, `code_id`, `sub_code_id`, `sql_string`, `sort_index`, `is_delete`) values('ba3f3fbeaa5b41cbaad9df1b45f179f4','d24d6f67d7b34c87bd3d230817abc9b4','','','1','0');
insert into `cmdb_v3_code_cascade` (`id`, `code_id`, `sub_code_id`, `sql_string`, `sort_index`, `is_delete`) values('d122437bcea149e5a626483f967d9b5f','d2b2a941eb7a43d683ac37b1b58a8c2a','','','1','0');
insert into `cmdb_v3_code_cascade` (`id`, `code_id`, `sub_code_id`, `sql_string`, `sort_index`, `is_delete`) values('4c39e5f6d0f940f3962cb42e7a66e23c','d620b4d17d2f4a37a500b4892fa2ab5a','','','1','0');
insert into `cmdb_v3_code_cascade` (`id`, `code_id`, `sub_code_id`, `sql_string`, `sort_index`, `is_delete`) values('1dba0788628f4ce5b5bd4a3d87792bee','d7b3fe33fcd24c80a210983180941072','','','1','0');
insert into `cmdb_v3_code_cascade` (`id`, `code_id`, `sub_code_id`, `sql_string`, `sort_index`, `is_delete`) values('ae5835ac9c3b4a6883a1db278e907a0a','e49a71c996244ee2a6f9a9f25b5fc052','','','1','0');
insert into `cmdb_v3_code_cascade` (`id`, `code_id`, `sub_code_id`, `sql_string`, `sort_index`, `is_delete`) values('e9c5052e19d84b17b40420feb97c745a','e526c2d4049043eba112ecba15623311','','','1','0');
insert into `cmdb_v3_code_cascade` (`id`, `code_id`, `sub_code_id`, `sql_string`, `sort_index`, `is_delete`) values('f18ac250db904727b658b8fbe8485fbc','e5ba1ca8a4704ed186bd2626dcfce2fc','','','1','0');
insert into `cmdb_v3_code_cascade` (`id`, `code_id`, `sub_code_id`, `sql_string`, `sort_index`, `is_delete`) values('67d4df35e8b544758c0e0fe36116b053','ecf4d74ed1ca4c10bdbbee0236bfa28e','','','1','0');
insert into `cmdb_v3_code_cascade` (`id`, `code_id`, `sub_code_id`, `sql_string`, `sort_index`, `is_delete`) values('9306f9161997477f8f89a5b5e313197c','effcd4e42e124f129c65fb2ef2503cd3','','','1','0');
insert into `cmdb_v3_code_cascade` (`id`, `code_id`, `sub_code_id`, `sql_string`, `sort_index`, `is_delete`) values('4a9cfc8f424643faa41bc6a30ab977ad','f0e8e0833dad46ddac681f4569c065a6','','','1','0');
insert into `cmdb_v3_code_cascade` (`id`, `code_id`, `sub_code_id`, `sql_string`, `sort_index`, `is_delete`) values('89c29c5e3d04411d9bfe140757754d1b','f2711f9908294ec3a3e96be0e78f25de','','','1','0');
insert into `cmdb_v3_code_cascade` (`id`, `code_id`, `sub_code_id`, `sql_string`, `sort_index`, `is_delete`) values('52fbf7f0caf740e2b916f47f97e18b48','f4bbbed53e2145749bb67d37e1d5bfde','','','1','0');
insert into `cmdb_v3_code_cascade` (`id`, `code_id`, `sub_code_id`, `sql_string`, `sort_index`, `is_delete`) values('052106afe9194790ae486baa15f236b9','f6bd3546e2f44987a986a02eb44e228e','','','1','0');
insert into `cmdb_v3_code_cascade` (`id`, `code_id`, `sub_code_id`, `sql_string`, `sort_index`, `is_delete`) values('eb09d2758c19468db74ace1e02bd751e','f6c935091fc745d3bd0df688cb475adb','','','1','0');
insert into `cmdb_v3_code_cascade` (`id`, `code_id`, `sub_code_id`, `sql_string`, `sort_index`, `is_delete`) values('b8b0574afb2b449c81d005a680162240','f7887fb6e03e4df89b3b4c140de6adef','','','1','0');
insert into `cmdb_v3_code_cascade` (`id`, `code_id`, `sub_code_id`, `sql_string`, `sort_index`, `is_delete`) values('efa100d9eeb84640b6184f8a6cfb3d0a','f9cef30e969943b98f9cfe2204c7e4c6','','','1','0');
insert into `cmdb_v3_code_cascade` (`id`, `code_id`, `sub_code_id`, `sql_string`, `sort_index`, `is_delete`) values('0b804d77ee65430ba8cbaa5517103959','fe75b47720a24f9da8a7d0d1ee39c44b','','','1','0');
insert into `cmdb_v3_code_cascade` (`id`, `code_id`, `sub_code_id`, `sql_string`, `sort_index`, `is_delete`) values('266f71291f5f45debf9afe6aa67e380a','ff3e01512b5f4c388697f4d82b6f4ca9','','','1','0');
insert into `cmdb_v3_code_cascade` (`id`, `code_id`, `sub_code_id`, `sql_string`, `sort_index`, `is_delete`) values('2d2819cb138747a1a933a0650d732438','ffbaeb6a31b845be9d99696410361e4c','','','1','0');

insert into `cmdb_v3_code_table` (`id`, `code_id`, `col_title`, `col_key`, `sort_index`, `is_delete`) values('d37d50dc4a504509b91d91b79a5db0df','0068004cd523439eb3ab72c0d46c6e48','','','1','0');
insert into `cmdb_v3_code_table` (`id`, `code_id`, `col_title`, `col_key`, `sort_index`, `is_delete`) values('5c9f4bcea07e4b808ea198231ea42b86','02e8e6c86d244810b5b6e4032817bfde','','','1','0');
insert into `cmdb_v3_code_table` (`id`, `code_id`, `col_title`, `col_key`, `sort_index`, `is_delete`) values('8b1f119d196c4572adecfb1a7bb76b14','03562537b80a43f3a4f3da6536698c6a','','','1','0');
insert into `cmdb_v3_code_table` (`id`, `code_id`, `col_title`, `col_key`, `sort_index`, `is_delete`) values('a8d76034777d4f1b81d3bd2c6e1e7b90','08aaac15a7f14f89a6ecfa3c71629faa','','','1','0');
insert into `cmdb_v3_code_table` (`id`, `code_id`, `col_title`, `col_key`, `sort_index`, `is_delete`) values('c3cfe4af429541208cbe7ec57360c2b7','0e71e6229cf44b2b8b4a27df4b329c2c','','','1','0');
insert into `cmdb_v3_code_table` (`id`, `code_id`, `col_title`, `col_key`, `sort_index`, `is_delete`) values('7d89ce25ddb14b67a7fbf3bd72fe6304','10a199ebc4aa447ea0beac7e504ff7ff','','','1','0');
insert into `cmdb_v3_code_table` (`id`, `code_id`, `col_title`, `col_key`, `sort_index`, `is_delete`) values('99009daea40b4f858007b049cbe86511','10a47b0e77754353a31a5203794e8502','','','1','0');
insert into `cmdb_v3_code_table` (`id`, `code_id`, `col_title`, `col_key`, `sort_index`, `is_delete`) values('3996101b52f1457c947e45b39bd52096','13a3fefef70747f881ab5eb2caaf6f25','','','1','0');
insert into `cmdb_v3_code_table` (`id`, `code_id`, `col_title`, `col_key`, `sort_index`, `is_delete`) values('8b847435b4224ce0a28d41696182091f','16ae75238fbc4fe99d905f0181e0b184','','','1','0');
insert into `cmdb_v3_code_table` (`id`, `code_id`, `col_title`, `col_key`, `sort_index`, `is_delete`) values('ce2b025fca0b464fa8cfe0b25f42abdb','19515fdd930743c8a82b626becf3be46','','','1','0');
insert into `cmdb_v3_code_table` (`id`, `code_id`, `col_title`, `col_key`, `sort_index`, `is_delete`) values('11bdd3ee5193472cb0e530a7084830e5','1956b3765ae6491ca71f2f251cb7f2bc','','','1','0');
insert into `cmdb_v3_code_table` (`id`, `code_id`, `col_title`, `col_key`, `sort_index`, `is_delete`) values('975a695114a94d5cbb7d6f8c2ebb1cab','1963b74454f54362b1bd10926049b449','','','1','0');
insert into `cmdb_v3_code_table` (`id`, `code_id`, `col_title`, `col_key`, `sort_index`, `is_delete`) values('d61c71b4e8a14594921ba12952e58e8d','1a47d988e8f947428035e9e6975e2394','','','1','0');
insert into `cmdb_v3_code_table` (`id`, `code_id`, `col_title`, `col_key`, `sort_index`, `is_delete`) values('7a8ca56f910445f68a71a23a874fc1bf','1c6ed726babe412d9bff0c51c2096208','','','1','0');
insert into `cmdb_v3_code_table` (`id`, `code_id`, `col_title`, `col_key`, `sort_index`, `is_delete`) values('1db52ba5ea8a46d0a4d7a61fcbccc610','1c7871e736d94fb0880a7284475050db','','','1','0');
insert into `cmdb_v3_code_table` (`id`, `code_id`, `col_title`, `col_key`, `sort_index`, `is_delete`) values('8680574ead924842962de3b1ef222ce4','2154b967633043d382397a2c81022e89','','','1','0');
insert into `cmdb_v3_code_table` (`id`, `code_id`, `col_title`, `col_key`, `sort_index`, `is_delete`) values('f2638be85f124d14b3ddccecca4894b7','262d837c73774d6aa4d5dc98b43d8c61','','','1','0');
insert into `cmdb_v3_code_table` (`id`, `code_id`, `col_title`, `col_key`, `sort_index`, `is_delete`) values('62d6b934628c4b51bd1b9867efb19cc8','28b46836af934e1bb9287abdb0bdcdd9','','','1','0');
insert into `cmdb_v3_code_table` (`id`, `code_id`, `col_title`, `col_key`, `sort_index`, `is_delete`) values('78627a9a14f3427f8c8fb11799e1b75f','29b613ea8a2542078a8110c21b9151ae','','','1','0');
insert into `cmdb_v3_code_table` (`id`, `code_id`, `col_title`, `col_key`, `sort_index`, `is_delete`) values('de75854b474141babd0b7fb25ee756af','2b128c9cd65d4e689e83c2cba0370eac','','','1','0');
insert into `cmdb_v3_code_table` (`id`, `code_id`, `col_title`, `col_key`, `sort_index`, `is_delete`) values('7694b14fb7e346a998daaa3166d1ea89','2cbf1832eeb145ff984d1c745ffab305','','','1','0');
insert into `cmdb_v3_code_table` (`id`, `code_id`, `col_title`, `col_key`, `sort_index`, `is_delete`) values('55913f3b59f646a89859caa9cd0cc26f','2d7527869ee54c51960efca19386c375','','','1','0');
insert into `cmdb_v3_code_table` (`id`, `code_id`, `col_title`, `col_key`, `sort_index`, `is_delete`) values('82d5de27bbd149f1b481a412511b69b6','2db83e2cf6574a45a3bb7e6e3f31a92c','','','1','0');
insert into `cmdb_v3_code_table` (`id`, `code_id`, `col_title`, `col_key`, `sort_index`, `is_delete`) values('86f2fa38329a434795ee14e1b5ee878d','31a27367b18d4612853eeb3d256ed581','','','1','0');
insert into `cmdb_v3_code_table` (`id`, `code_id`, `col_title`, `col_key`, `sort_index`, `is_delete`) values('69aeace0f9a14ba0967fd5f391c6dfdd','34e83a9b080c40dd942079ee9e955e4d','','','1','0');
insert into `cmdb_v3_code_table` (`id`, `code_id`, `col_title`, `col_key`, `sort_index`, `is_delete`) values('ce3c5daa1da74b32a0bff1541d374838','38adc7f8b38249d0b8f7275c603d2263','','','1','0');
insert into `cmdb_v3_code_table` (`id`, `code_id`, `col_title`, `col_key`, `sort_index`, `is_delete`) values('9a5a500ad11844a8b2de3cc936e45b1a','3cc9a0f22e3647c49a0c90096d7831b5','','','1','0');
insert into `cmdb_v3_code_table` (`id`, `code_id`, `col_title`, `col_key`, `sort_index`, `is_delete`) values('962014c367ff4148884d32828ff5e1d4','3e29ae5a23ac4a2d8d76cb9c6b8dd405','','','1','0');
insert into `cmdb_v3_code_table` (`id`, `code_id`, `col_title`, `col_key`, `sort_index`, `is_delete`) values('622884d57bb1469194b2fc2fc5da64bc','42c5d2c2bc4d4b36b3bf7a5e81ecad39','','','1','0');
insert into `cmdb_v3_code_table` (`id`, `code_id`, `col_title`, `col_key`, `sort_index`, `is_delete`) values('d13d7d794d7f49ca9a6be58b27f3bc20','4780c632835b49a8a6f8cd2c21efcafa','','','1','0');
insert into `cmdb_v3_code_table` (`id`, `code_id`, `col_title`, `col_key`, `sort_index`, `is_delete`) values('69bb67f852874d1f89b37c0f757f14db','48f3efbaa4524c838a124083615f7bb2','','','1','0');
insert into `cmdb_v3_code_table` (`id`, `code_id`, `col_title`, `col_key`, `sort_index`, `is_delete`) values('361a2fac2ad5472fbac1db64cf22bb33','4c3cabf6db924d1eb686ea42cb400682','','','1','0');
insert into `cmdb_v3_code_table` (`id`, `code_id`, `col_title`, `col_key`, `sort_index`, `is_delete`) values('42b7f152331e47cdb34a6116b727779c','4c5117c62e53457c9d8c08ded2290072','','','1','0');
insert into `cmdb_v3_code_table` (`id`, `code_id`, `col_title`, `col_key`, `sort_index`, `is_delete`) values('62e3c47162dc41ffaa6abaee593cc2de','4ed5ed16917e478592cff0e8ef7f8578','','','1','0');
insert into `cmdb_v3_code_table` (`id`, `code_id`, `col_title`, `col_key`, `sort_index`, `is_delete`) values('63789c2fce294b57af0fc833810dae2c','526864469b9b402097ae7369416df79e','','','1','0');
insert into `cmdb_v3_code_table` (`id`, `code_id`, `col_title`, `col_key`, `sort_index`, `is_delete`) values('b1f1b74762d1491389b13c8fce70956f','545e93c0dbfa47009d370d17038791c8','','','1','0');
insert into `cmdb_v3_code_table` (`id`, `code_id`, `col_title`, `col_key`, `sort_index`, `is_delete`) values('9e968758f4f84ec2af74c239a47b0bb9','5a1dc633b5104471b38775c71532d095','','','1','0');
insert into `cmdb_v3_code_table` (`id`, `code_id`, `col_title`, `col_key`, `sort_index`, `is_delete`) values('730bdbd8b0a84bc5aa55c3775da5ff36','5a869b5d47564a528ac3a60312f49754','','','1','0');
insert into `cmdb_v3_code_table` (`id`, `code_id`, `col_title`, `col_key`, `sort_index`, `is_delete`) values('190af8bee3524ea082d4c3a049527306','5a9d9393a44b4503a5fe2d00b35bbb51','','','1','0');
insert into `cmdb_v3_code_table` (`id`, `code_id`, `col_title`, `col_key`, `sort_index`, `is_delete`) values('32a476b5df754674849d4a4845d79140','5e2cabcf5ac14f9fa98075ea4fe53597','','','1','0');
insert into `cmdb_v3_code_table` (`id`, `code_id`, `col_title`, `col_key`, `sort_index`, `is_delete`) values('21f947c9cb6448878c69bcf33c60420b','5f1a8817483247a49f2e8c66424c45ab','','','1','0');
insert into `cmdb_v3_code_table` (`id`, `code_id`, `col_title`, `col_key`, `sort_index`, `is_delete`) values('5889958b4edf4f46aa1d6aadb0bbcde1','5f3a48e65fb44256b1c7dd414556ca6a','','','1','0');
insert into `cmdb_v3_code_table` (`id`, `code_id`, `col_title`, `col_key`, `sort_index`, `is_delete`) values('a64ae1511d004746898191e7a4b9904d','5f67644dadb84ab0aa4fec4d5e8bb632','','','1','0');
insert into `cmdb_v3_code_table` (`id`, `code_id`, `col_title`, `col_key`, `sort_index`, `is_delete`) values('0fdd7784485a4aa48207dbd8af502cfb','61ec9218182c465e8a1037f0cb16834b','','','1','0');
insert into `cmdb_v3_code_table` (`id`, `code_id`, `col_title`, `col_key`, `sort_index`, `is_delete`) values('7532f71d508f4461a3559e9525851cf8','61f673ec7e114350a4fce9237911d0a6','','','1','0');
insert into `cmdb_v3_code_table` (`id`, `code_id`, `col_title`, `col_key`, `sort_index`, `is_delete`) values('55f2ff830853450f94893ea643f8b156','6342b4c6d85b413886d661c9ee976bcf','','','1','0');
insert into `cmdb_v3_code_table` (`id`, `code_id`, `col_title`, `col_key`, `sort_index`, `is_delete`) values('917faa4e37234989a72ca3a2b2064105','6d5a993b6090462490331e33053373a7','','','1','0');
insert into `cmdb_v3_code_table` (`id`, `code_id`, `col_title`, `col_key`, `sort_index`, `is_delete`) values('56470d56378e445aba2636a9c8adc735','703545ef3a744b4298bba5f5130df2ef','','','1','0');
insert into `cmdb_v3_code_table` (`id`, `code_id`, `col_title`, `col_key`, `sort_index`, `is_delete`) values('19ccd689c1c64edbab6f2ec41513ba51','72031eceec9e44959a89a1e89fa442c7','','','1','0');
insert into `cmdb_v3_code_table` (`id`, `code_id`, `col_title`, `col_key`, `sort_index`, `is_delete`) values('ce90c88123864a8f8510fd87b9d4808d','7a5d8a1184ba47bfaff0eff08527e312','','','1','0');
insert into `cmdb_v3_code_table` (`id`, `code_id`, `col_title`, `col_key`, `sort_index`, `is_delete`) values('014e339e94f647209095500fefec72b4','7f158bb0f25d4c5cb2758e7d209d7b4c','','','1','0');
insert into `cmdb_v3_code_table` (`id`, `code_id`, `col_title`, `col_key`, `sort_index`, `is_delete`) values('31c40f851c74493fa2c71fde8340cdeb','80554ae027104b3abbabdc4ab0323a80','','','1','0');
insert into `cmdb_v3_code_table` (`id`, `code_id`, `col_title`, `col_key`, `sort_index`, `is_delete`) values('ac92334cec5748db9a0a7f15e4e7aa49','817c7eb5aba247a4a7e81cc8bd3da0ed','','','1','0');
insert into `cmdb_v3_code_table` (`id`, `code_id`, `col_title`, `col_key`, `sort_index`, `is_delete`) values('bcba59bbd894469f936696109f3e46d5','852a197f2b8b47bd8c614685b0f6d5ca','','','1','0');
insert into `cmdb_v3_code_table` (`id`, `code_id`, `col_title`, `col_key`, `sort_index`, `is_delete`) values('db71a515397e41deb4dfa8ee8af60a18','8649d1065d3242cab35c76b066c98c17','','','1','0');
insert into `cmdb_v3_code_table` (`id`, `code_id`, `col_title`, `col_key`, `sort_index`, `is_delete`) values('e38c71bd3af048e0a8219d1a66aa64f2','87b807e9ec714394b80abf40ce867cb6','','','1','0');
insert into `cmdb_v3_code_table` (`id`, `code_id`, `col_title`, `col_key`, `sort_index`, `is_delete`) values('1030b264cf98413f83188917e56ef6cb','88b26816340648088625ba7fa05e5b32','','','1','0');
insert into `cmdb_v3_code_table` (`id`, `code_id`, `col_title`, `col_key`, `sort_index`, `is_delete`) values('907f3c85d02045b4b8e4fb0908d2a9a7','8c0b5b42d4a6453db380c4dd2f49f05c','','','1','0');
insert into `cmdb_v3_code_table` (`id`, `code_id`, `col_title`, `col_key`, `sort_index`, `is_delete`) values('c0216362ec55449c9b64dcf3545f873b','8cc6f8072de147f8a1db1753fff981cc','','','1','0');
insert into `cmdb_v3_code_table` (`id`, `code_id`, `col_title`, `col_key`, `sort_index`, `is_delete`) values('f32398ed99b14969aaf3f5cabba016f6','90283cbd82cf4c7d97b35e82f9acedf4','','','1','0');
insert into `cmdb_v3_code_table` (`id`, `code_id`, `col_title`, `col_key`, `sort_index`, `is_delete`) values('9967be7bd9544d6f9a8067c5e516312b','9081564081614aa08d0e90303c5706b8','','','1','0');
insert into `cmdb_v3_code_table` (`id`, `code_id`, `col_title`, `col_key`, `sort_index`, `is_delete`) values('d208abb077c14d20913cb7a41b03e08a','91194d5b672041edaf73e4ce785d9786','','','1','0');
insert into `cmdb_v3_code_table` (`id`, `code_id`, `col_title`, `col_key`, `sort_index`, `is_delete`) values('fea8bdfe4b86470395da823a35c500dd','927a7ad71adb4825852e25f553d8a65c','','','1','0');
insert into `cmdb_v3_code_table` (`id`, `code_id`, `col_title`, `col_key`, `sort_index`, `is_delete`) values('c7f26f6abcdb46ec8f978d4e0207fb5d','9698f476787b4799a1da838a3bb2cb0e','','','1','0');
insert into `cmdb_v3_code_table` (`id`, `code_id`, `col_title`, `col_key`, `sort_index`, `is_delete`) values('148a4fd360d74be5aee5cca150c82166','96e662da6dd84badb288531fbbdee591','','','1','0');
insert into `cmdb_v3_code_table` (`id`, `code_id`, `col_title`, `col_key`, `sort_index`, `is_delete`) values('c80facfb7b044c2eb13ce1415b6ee3ee','9cd19de010df44a4bdd06e248bebe7b8','','','1','0');
insert into `cmdb_v3_code_table` (`id`, `code_id`, `col_title`, `col_key`, `sort_index`, `is_delete`) values('e7ff2e65baeb43ee8a302f36519cb345','9e2ae2fedafb406e9b8b1bb127ad8520','','','1','0');
insert into `cmdb_v3_code_table` (`id`, `code_id`, `col_title`, `col_key`, `sort_index`, `is_delete`) values('d69d7f954c444a0bad28b2db0be40d6d','a090c733849646fc881db0d54a0d3037','','','1','0');
insert into `cmdb_v3_code_table` (`id`, `code_id`, `col_title`, `col_key`, `sort_index`, `is_delete`) values('2e510cabf3c048748bdc301718bced84','a41b3d4f70b247438f251a4a3e94fc98','','','1','0');
insert into `cmdb_v3_code_table` (`id`, `code_id`, `col_title`, `col_key`, `sort_index`, `is_delete`) values('a19ef2c770ce4a04b0441c6577d3c544','a612399b0f7c48078806de3bf5ad15ff','','','1','0');
insert into `cmdb_v3_code_table` (`id`, `code_id`, `col_title`, `col_key`, `sort_index`, `is_delete`) values('ce88a521ff5b425b993df14ce75e4a32','ab5147355770455e9a21d593c75f7a38','','','1','0');
insert into `cmdb_v3_code_table` (`id`, `code_id`, `col_title`, `col_key`, `sort_index`, `is_delete`) values('b76e117d3ebd4e24b1e62105dfff7eff','aee69d893222477faedb74cf511c1174','','','1','0');
insert into `cmdb_v3_code_table` (`id`, `code_id`, `col_title`, `col_key`, `sort_index`, `is_delete`) values('1d6c3be642ce4fb09277dfc62ca88c19','b02f3609332046a8bdb9763860c2dbdb','','','1','0');
insert into `cmdb_v3_code_table` (`id`, `code_id`, `col_title`, `col_key`, `sort_index`, `is_delete`) values('e23362b4cf594a4197f41bb88c73a254','b4f36e8a4b8e4965bb3a48b95637bd0d','','','1','0');
insert into `cmdb_v3_code_table` (`id`, `code_id`, `col_title`, `col_key`, `sort_index`, `is_delete`) values('e761493a97314a379b94c89da9fa8d0c','b5d491bc01f54841ab3bc7be20935096','','','1','0');
insert into `cmdb_v3_code_table` (`id`, `code_id`, `col_title`, `col_key`, `sort_index`, `is_delete`) values('b443a81bc1534391b03b7a14c65fdf6b','b77b695542cf48a986519128b7de84bd','','','1','0');
insert into `cmdb_v3_code_table` (`id`, `code_id`, `col_title`, `col_key`, `sort_index`, `is_delete`) values('26228872462c451b91457824ae97f0d1','b82ec9052ab344d8adbca8532a03e552','','','1','0');
insert into `cmdb_v3_code_table` (`id`, `code_id`, `col_title`, `col_key`, `sort_index`, `is_delete`) values('76f98d7cac5a499aad9414d76df5276d','b9d781e34de240bc9a29f01c5ffdf97f','','','1','0');
insert into `cmdb_v3_code_table` (`id`, `code_id`, `col_title`, `col_key`, `sort_index`, `is_delete`) values('ead1da476d574224ba06098b44a4ca57','bab7a370b45746bc92c8aadcafec3153','','','1','0');
insert into `cmdb_v3_code_table` (`id`, `code_id`, `col_title`, `col_key`, `sort_index`, `is_delete`) values('bfe2638b6d684c3fbc99128fb32581f4','c40696cce3e646baaee95fad23ae11d8','','','1','0');
insert into `cmdb_v3_code_table` (`id`, `code_id`, `col_title`, `col_key`, `sort_index`, `is_delete`) values('9f325a82f14247478f4a5e134df6a6d9','c5ea323139d647f8ae1222eaa71727fb','','','1','0');
insert into `cmdb_v3_code_table` (`id`, `code_id`, `col_title`, `col_key`, `sort_index`, `is_delete`) values('7e19092d3e8b4e00af4671e2f856d629','cdc61402eb644269bb62a4c096afa23c','','','1','0');
insert into `cmdb_v3_code_table` (`id`, `code_id`, `col_title`, `col_key`, `sort_index`, `is_delete`) values('ee2f23e1fea0489e97f1fa0d22861399','ce8ffde6d490447b8d38956377fb3e4e','','','1','0');
insert into `cmdb_v3_code_table` (`id`, `code_id`, `col_title`, `col_key`, `sort_index`, `is_delete`) values('2dc8d728dfc6453c884d4ccefd0e10f1','ceecc1471f884350b7f712948c80d1dc','','','1','0');
insert into `cmdb_v3_code_table` (`id`, `code_id`, `col_title`, `col_key`, `sort_index`, `is_delete`) values('98c60d9dc35e4a1a8466d78801bfe83b','d041436b8f9b424d8a4c21b800e65a1d','','','1','0');
insert into `cmdb_v3_code_table` (`id`, `code_id`, `col_title`, `col_key`, `sort_index`, `is_delete`) values('2b4118fa0bb14e64a46c587db4735111','d16eda2da6cb422cba761422bfb42e26','','','1','0');
insert into `cmdb_v3_code_table` (`id`, `code_id`, `col_title`, `col_key`, `sort_index`, `is_delete`) values('eff22f99f7144f56af0a24c0ab064ad0','d24d6f67d7b34c87bd3d230817abc9b4','','','1','0');
insert into `cmdb_v3_code_table` (`id`, `code_id`, `col_title`, `col_key`, `sort_index`, `is_delete`) values('a171175374bb4363af71c9e8dec208eb','d2b2a941eb7a43d683ac37b1b58a8c2a','','','1','0');
insert into `cmdb_v3_code_table` (`id`, `code_id`, `col_title`, `col_key`, `sort_index`, `is_delete`) values('32b50e84baed476eab6b8985bcd7e7d3','d620b4d17d2f4a37a500b4892fa2ab5a','','','1','0');
insert into `cmdb_v3_code_table` (`id`, `code_id`, `col_title`, `col_key`, `sort_index`, `is_delete`) values('97c1d3afa8644be8aaf5ab413e2c006c','d7b3fe33fcd24c80a210983180941072','','','1','0');
insert into `cmdb_v3_code_table` (`id`, `code_id`, `col_title`, `col_key`, `sort_index`, `is_delete`) values('922cf1ef66de4feebc5961ae1f7f87a6','e49a71c996244ee2a6f9a9f25b5fc052','','','1','0');
insert into `cmdb_v3_code_table` (`id`, `code_id`, `col_title`, `col_key`, `sort_index`, `is_delete`) values('0813da909b5046c4977a9915e27f40ac','e526c2d4049043eba112ecba15623311','','','1','0');
insert into `cmdb_v3_code_table` (`id`, `code_id`, `col_title`, `col_key`, `sort_index`, `is_delete`) values('7c93d8ee20294e979bb72558e323fb2d','e5ba1ca8a4704ed186bd2626dcfce2fc','','','1','0');
insert into `cmdb_v3_code_table` (`id`, `code_id`, `col_title`, `col_key`, `sort_index`, `is_delete`) values('44f83f1072b543b385816195da5ec2da','ecf4d74ed1ca4c10bdbbee0236bfa28e','','','1','0');
insert into `cmdb_v3_code_table` (`id`, `code_id`, `col_title`, `col_key`, `sort_index`, `is_delete`) values('1893210d82d64cd5876b94bd4287dbba','effcd4e42e124f129c65fb2ef2503cd3','','','1','0');
insert into `cmdb_v3_code_table` (`id`, `code_id`, `col_title`, `col_key`, `sort_index`, `is_delete`) values('35a13dadc8b34f1a8f5b845d61771344','f0e8e0833dad46ddac681f4569c065a6','','','1','0');
insert into `cmdb_v3_code_table` (`id`, `code_id`, `col_title`, `col_key`, `sort_index`, `is_delete`) values('98b99fb68acb48d2ba06dded23314996','f2711f9908294ec3a3e96be0e78f25de','','','1','0');
insert into `cmdb_v3_code_table` (`id`, `code_id`, `col_title`, `col_key`, `sort_index`, `is_delete`) values('45cff84ce55b4d75972e219ec998dc06','f4bbbed53e2145749bb67d37e1d5bfde','','','1','0');
insert into `cmdb_v3_code_table` (`id`, `code_id`, `col_title`, `col_key`, `sort_index`, `is_delete`) values('b8081634b4e04f7ab810dfe71c874a6a','f6bd3546e2f44987a986a02eb44e228e','','','1','0');
insert into `cmdb_v3_code_table` (`id`, `code_id`, `col_title`, `col_key`, `sort_index`, `is_delete`) values('dfeab4cb079345beb870ed85d67b0e7a','f6c935091fc745d3bd0df688cb475adb','','','1','0');
insert into `cmdb_v3_code_table` (`id`, `code_id`, `col_title`, `col_key`, `sort_index`, `is_delete`) values('a709d4cf880345de96a400b2cebc77bc','f7887fb6e03e4df89b3b4c140de6adef','','','1','0');
insert into `cmdb_v3_code_table` (`id`, `code_id`, `col_title`, `col_key`, `sort_index`, `is_delete`) values('cd583dff1b93442baa3516e8ffd2e559','f9cef30e969943b98f9cfe2204c7e4c6','','','1','0');
insert into `cmdb_v3_code_table` (`id`, `code_id`, `col_title`, `col_key`, `sort_index`, `is_delete`) values('9860ce8c57a94671b4413af174a10129','fe75b47720a24f9da8a7d0d1ee39c44b','','','1','0');
insert into `cmdb_v3_code_table` (`id`, `code_id`, `col_title`, `col_key`, `sort_index`, `is_delete`) values('4d88acff171c42c2821c2e460f871add','ff3e01512b5f4c388697f4d82b6f4ca9','','','1','0');
insert into `cmdb_v3_code_table` (`id`, `code_id`, `col_title`, `col_key`, `sort_index`, `is_delete`) values('25c10ed29d0840f38527c220a3923e5b','ffbaeb6a31b845be9d99696410361e4c','','','1','0');

insert into `cmdb_v3_condication_setting` (`id`, `condication_code`, `condication_name`, `condication_type`, `module_id`, `access_user_id`, `remark`, `is_delete`) values('e219c2134af34fdcbb7c685090e2b5da','cond_mr_resource_overview','运营月报数据查询条件','系统菜单','fec068f239af4f2d8e590c19a39967fd','5245ed1b-6345-11e','运营月报数据查询条件','0');

insert into `cmdb_v3_condication_setting_relation` (`id`, `condication_setting_id`, `code_id`, `default_value`, `operate_type`, `is_require`, `show_input`, `show_option`, `sort_index`, `is_delete`) values('e08a72cb5ec848ae866c4f1ea627f115','e219c2134af34fdcbb7c685090e2b5da','bab7a370b45746bc92c8aadcafec3153','','=','1','0','0','1','0');
insert into `cmdb_v3_condication_setting_relation` (`id`, `condication_setting_id`, `code_id`, `default_value`, `operate_type`, `is_require`, `show_input`, `show_option`, `sort_index`, `is_delete`) values('40b15651106b497c9df25c8c5a2785dd','e219c2134af34fdcbb7c685090e2b5da','e5ba1ca8a4704ed186bd2626dcfce2fc','','=','1','0','0','2','0');

insert into `cmdb_view` (`id`, `view_code`, `view_name`, `catalog_id`, `module_id`, `create_time`, `update_time`, `create_person`, `update_person`) values('d3b0d3adb8b44017a6261068a2a718e2','month_report_view','运营月报数据视图','6811d01f594a4c39a797a3b1ce505d05','f6af5c6157e94b398fc4152d7888a5f6','2020-11-06 15:52:58','2020-11-10 12:25:54','alauda','alauda');

insert into `cmdb_view_node` (`id`, `node_name`, `icon_dict_id`, `view_id`, `parent_node_id`, `enable_query`, `enable_use_code`, `use_code_id`, `to_query_filed`, `config_sql`, `enable_show_count`, `show_sep`, `sort_index`) values('1419dc220676433785b79eecb59cb54a','规模','','d3b0d3adb8b44017a6261068a2a718e2','3a10073c1ca641e7b8f080bce14f6f8c','1','0','','name','select\n	name\nfrom\n	cmdb_module\nwhere\n	catalog_id in (\n	select id from cmdb_v3_module_catalog cvmc where parent_catalog_id in (\nselect\n			id\n		from\n			cmdb_v3_module_catalog cvmc\n		where\n			catalog_name = \'运营月报\'\n	))','0','',NULL);
insert into `cmdb_view_node` (`id`, `node_name`, `icon_dict_id`, `view_id`, `parent_node_id`, `enable_query`, `enable_use_code`, `use_code_id`, `to_query_filed`, `config_sql`, `enable_show_count`, `show_sep`, `sort_index`) values('3a10073c1ca641e7b8f080bce14f6f8c','运营月报','','d3b0d3adb8b44017a6261068a2a718e2','','0','0','','','','0','',NULL);
insert into `cmdb_view_node` (`id`, `node_name`, `icon_dict_id`, `view_id`, `parent_node_id`, `enable_query`, `enable_use_code`, `use_code_id`, `to_query_filed`, `config_sql`, `enable_show_count`, `show_sep`, `sort_index`) values('4863c534b5944bfcb80450506db115f7','月报表格模型','','d3b0d3adb8b44017a6261068a2a718e2','1419dc220676433785b79eecb59cb54a','1','0','','module_id','select c.id, c.name module_id, c2.name from cmdb_module c\ninner join cmdb_v3_module_catalog cm on c.catalog_id  = cm.id \ninner join cmdb_module c2 on c2.catalog_id  = cm.parent_catalog_id \nwhere c.is_delete  = \'0\' and c2.is_delete  = \'0\' and cm.is_delete = \'0\'\norder by cm.sort_index ','0','',NULL);

insert into `cmdb_config` (`id`, `config_code`, `config_value`, `config_value_type`, `config_remark`) values('1f15dfe2176a4920bc34d28f087d543a','primaryKey:685816e36d564a9cad49148e07e7fab5','month,month_report_type,idcType,report_table_type','text','资源性能_资源利用率唯一主键字段');
insert into `cmdb_config` (`id`, `config_code`, `config_value`, `config_value_type`, `config_remark`) values('42f97afc-2258-11eb-8c22-0242ac110004','primaryKey:fec068f239af4f2d8e590c19a39967fd','month,month_report_type,idcType','text','资源概况唯一主键字段');
insert into `cmdb_config` (`id`, `config_code`, `config_value`, `config_value_type`, `config_remark`) values('42f97ec8-2258-11eb-8c22-0242ac110004','primaryKey:844b5f3a55824803a6a9f9b218fb9072','month,month_report_type,idcType','text','资源概况_裸金属资源唯一主键字段');
insert into `cmdb_config` (`id`, `config_code`, `config_value`, `config_value_type`, `config_remark`) values('42f97f70-2258-11eb-8c22-0242ac110004','primaryKey:789378de309e48d6aa5bef7a529d84d8','month,month_report_type,idcType','text','资源概况_GPU服务器唯一主键字段');
insert into `cmdb_config` (`id`, `config_code`, `config_value`, `config_value_type`, `config_remark`) values('42f97fd5-2258-11eb-8c22-0242ac110004','primaryKey:65de77fba09d4f0ba5717dc3edcbe158','month,month_report_type,idcType','text','资源概况_云主机资源唯一主键字段');
insert into `cmdb_config` (`id`, `config_code`, `config_value`, `config_value_type`, `config_remark`) values('42f98259-2258-11eb-8c22-0242ac110004','primaryKey:946da4b86e9245ef97b4e7524c0af7b5','month,month_report_type,idcType,storage_type','text','资源概况_存储资源唯一主键字段');
insert into `cmdb_config` (`id`, `config_code`, `config_value`, `config_value_type`, `config_remark`) values('42f982e0-2258-11eb-8c22-0242ac110004','primaryKey:057a604e3daf424ab15b67cf3d91aa05','month,month_report_type,idcType','text','资源概况_网络资源唯一主键字段');
insert into `cmdb_config` (`id`, `config_code`, `config_value`, `config_value_type`, `config_remark`) values('42f98354-2258-11eb-8c22-0242ac110004','primaryKey:6a3dea699eac446a99ef062549e34d70','month,month_report_type,idcType','text','租户资源基本信息表唯一主键字段');
insert into `cmdb_config` (`id`, `config_code`, `config_value`, `config_value_type`, `config_remark`) values('aec4197a75bf4764a3c89be4d39347fe','primaryKey:c7693f53ab3b4b76b13470c64713b7b6','month,month_report_type,index_name','text','资源性能_指标情况唯一主键字段');
