-- 模板初始化
INSERT INTO monitor_template (template_id, name, description, create_time, type, update_time, fun_type, mon_type, status, sys_type) VALUES ('bb4130ca-e97a-4c0b-8e94-0500f88aa83d', 'BDC监控', '', sysdate, '4', sysdate, '1', '2', '1', 'THEME');


INSERT INTO monitor_template_object (template_object_id, template_id, object_type, object_id) VALUES ('f3a0b674-3146-4faa-bf06-884c859214da', 'bb4130ca-e97a-4c0b-8e94-0500f88aa83d', '2', 'BDC');

-- 指标初始化
INSERT INTO MONITOR_ITEMS ("ITEM_ID", "NAME", "TYPE", "TEMPLATE_ID", "KEY", "DELAY", "HISTORY", "STATUS", "VALUE_TYPE", "UNITS", "ERROR", "DATA_TYPE", "SYS_TYPE", "CALC_TYPE", "BIZ_INDEX", "BIZ_CALC_OBJ", "BIZ_CALC_EXP", "BIZ_THEME_ID", "BIZ_IS_ZERO", "CRON", "BIZ_GROUP", "BIZ_THEME_EXP", "GROUP_FLAG")  VALUES ('0587bb46-0e0c-48d8-8c1c-caf11d5adfff', '省BDC上传文件指标', 'SCRIPT', 'bb4130ca-e97a-4c0b-8e94-0500f88aa83d', 'key-13', 1, NULL, 'ON', '0', NULL, NULL, NULL, 'THEME', '2', 'mirror-theme-*', '[{"zbxA":{"staticsType":0,"staticsField":"status","field":[{"field":"","fieldComparor":"","fieldValue":""}],"date":[{"field":"@timestamp","dateComparor":"0","dateStaticsType":"0","dateOptionType":"1","dateValue":"1","dateInterval":"2"}]}}]', 'A', '0ebab90d-1014-4865-9063-a7feb5199557', '1', NULL, '[{"name":"业务系统日志创建时间","code":"createTime"},{"name":"网元编码","code":"netcomCode"},{"name":"文件路径","code":"filePath"},{"name":"文件名称","code":"fileName"}]', NULL, NULL);
INSERT INTO MONITOR_ITEMS ("ITEM_ID", "NAME", "TYPE", "TEMPLATE_ID", "KEY", "DELAY", "HISTORY", "STATUS", "VALUE_TYPE", "UNITS", "ERROR", "DATA_TYPE", "SYS_TYPE", "CALC_TYPE", "BIZ_INDEX", "BIZ_CALC_OBJ", "BIZ_CALC_EXP", "BIZ_THEME_ID", "BIZ_IS_ZERO", "CRON", "BIZ_GROUP", "BIZ_THEME_EXP", "GROUP_FLAG")  VALUES ('10faa1e3-98e3-4fcf-a4d1-78028b53b763', '超时未回执指标', 'SCRIPT', 'bb4130ca-e97a-4c0b-8e94-0500f88aa83d', 'key-32', 1, NULL, 'ON', '0', NULL, NULL, NULL, 'THEME', '2', 'mirror-theme-*', '[{"zbxA":{"staticsType":0,"staticsField":"status","field":[{"field":"","fieldComparor":"","fieldValue":""}],"date":[{"field":"@timestamp","dateComparor":"0","dateStaticsType":"0","dateOptionType":"1","dateValue":"1","dateInterval":"2"}]}}]', 'A', 'd03a7e6a-6592-4e54-9853-5c672f29555e', '1', NULL, '[{"name":"表名称","code":"tableName"},{"name":"失败条数","code":"total"},{"name":"省编码","code":"provinceCode"},{"name":"网元编码","code":"netcomCode"}]', NULL, NULL);
INSERT INTO MONITOR_ITEMS ("ITEM_ID", "NAME", "TYPE", "TEMPLATE_ID", "KEY", "DELAY", "HISTORY", "STATUS", "VALUE_TYPE", "UNITS", "ERROR", "DATA_TYPE", "SYS_TYPE", "CALC_TYPE", "BIZ_INDEX", "BIZ_CALC_OBJ", "BIZ_CALC_EXP", "BIZ_THEME_ID", "BIZ_IS_ZERO", "CRON", "BIZ_GROUP", "BIZ_THEME_EXP", "GROUP_FLAG")  VALUES ('1941661e-6160-4027-95a8-f4ead0f46fb7', '生成文件超时指标', 'SCRIPT', 'bb4130ca-e97a-4c0b-8e94-0500f88aa83d', 'key-33', 1, NULL, 'ON', '0', NULL, NULL, NULL, 'THEME', '2', 'mirror-theme-*', '[{"zbxA":{"staticsType":0,"staticsField":"status","field":[{"field":"","fieldComparor":"","fieldValue":""}],"date":[{"field":"@timestamp","dateComparor":"0","dateStaticsType":"0","dateOptionType":"1","dateValue":"1","dateInterval":"2"}]}}]', 'A', '96a4f4b9-b178-416e-875e-738c695aef9e', '1', NULL, '[{"name":"网元编码","code":"netcomCode"},{"name":"失败条数","code":"total"},{"name":"表名称","code":"tableName"}]', NULL, NULL);
INSERT INTO MONITOR_ITEMS ("ITEM_ID", "NAME", "TYPE", "TEMPLATE_ID", "KEY", "DELAY", "HISTORY", "STATUS", "VALUE_TYPE", "UNITS", "ERROR", "DATA_TYPE", "SYS_TYPE", "CALC_TYPE", "BIZ_INDEX", "BIZ_CALC_OBJ", "BIZ_CALC_EXP", "BIZ_THEME_ID", "BIZ_IS_ZERO", "CRON", "BIZ_GROUP", "BIZ_THEME_EXP", "GROUP_FLAG")  VALUES ('45b7abf0-5650-460a-a92a-33d619c50671', '服务监控指标', 'SCRIPT', 'bb4130ca-e97a-4c0b-8e94-0500f88aa83d', 'key-01', 5, NULL, 'ON', '0', NULL, NULL, NULL, 'THEME', '2', 'mirror-theme-*', '[{"zbxA":{"staticsType":0,"staticsField":"metricsStatus","field":[{"field":"","fieldComparor":"","fieldValue":""}],"date":[{"field":"@timestamp","dateComparor":"0","dateStaticsType":"0","dateOptionType":"1","dateValue":"5","dateInterval":"2"}]}}]', 'A', 'c2868550-18ac-4b04-8da8-fe7b6508b9ec', '1', NULL, '[{"name":"服务名称","code":"serverName"}]', NULL, NULL);
INSERT INTO MONITOR_ITEMS ("ITEM_ID", "NAME", "TYPE", "TEMPLATE_ID", "KEY", "DELAY", "HISTORY", "STATUS", "VALUE_TYPE", "UNITS", "ERROR", "DATA_TYPE", "SYS_TYPE", "CALC_TYPE", "BIZ_INDEX", "BIZ_CALC_OBJ", "BIZ_CALC_EXP", "BIZ_THEME_ID", "BIZ_IS_ZERO", "CRON", "BIZ_GROUP", "BIZ_THEME_EXP", "GROUP_FLAG")  VALUES ('48942889-7ce9-4932-9cb2-7ed963b5a882', 'FTP连接指标', 'SCRIPT', 'bb4130ca-e97a-4c0b-8e94-0500f88aa83d', 'key-11', 1, NULL, 'ON', '0', NULL, NULL, NULL, 'THEME', '2', 'mirror-theme-*', '[{"zbxA":{"staticsType":0,"staticsField":"status","field":[{"field":"","fieldComparor":"","fieldValue":""}],"date":[{"field":"@timestamp","dateComparor":"0","dateStaticsType":"0","dateOptionType":"1","dateValue":"1","dateInterval":"2"}]}}]', 'A', '7b179d92-a29b-485f-aff3-ba94a6aa1479', '1', NULL, '[{"name":"业务系统日志创建时间","code":"createTime"},{"name":"网元编码","code":"netcomCode"},{"name":"远程文件服务地址","code":"ftpIp"}]', NULL, NULL);
INSERT INTO MONITOR_ITEMS ("ITEM_ID", "NAME", "TYPE", "TEMPLATE_ID", "KEY", "DELAY", "HISTORY", "STATUS", "VALUE_TYPE", "UNITS", "ERROR", "DATA_TYPE", "SYS_TYPE", "CALC_TYPE", "BIZ_INDEX", "BIZ_CALC_OBJ", "BIZ_CALC_EXP", "BIZ_THEME_ID", "BIZ_IS_ZERO", "CRON", "BIZ_GROUP", "BIZ_THEME_EXP", "GROUP_FLAG")  VALUES ('4c305b69-d1d0-42aa-b01e-6d3da463455e', 'BDC-Client上报指标', 'SCRIPT', 'bb4130ca-e97a-4c0b-8e94-0500f88aa83d', 'key-00', 5, NULL, 'ON', '0', NULL, NULL, NULL, 'THEME', '2', 'mirror-theme-*', '[{"zbxA":{"staticsType":1,"staticsField":"metricsStatus","field":[{"field":"","fieldComparor":"","fieldValue":""}],"date":[{"field":"@timestamp","dateComparor":"0","dateStaticsType":"0","dateOptionType":"1","dateValue":"5","dateInterval":"2"}]}}]', 'A', 'c2868550-18ac-4b04-8da8-fe7b6508b9ec', '0', NULL, '[{"name":"服务名称","code":"serverName"}]', NULL, NULL);
INSERT INTO MONITOR_ITEMS ("ITEM_ID", "NAME", "TYPE", "TEMPLATE_ID", "KEY", "DELAY", "HISTORY", "STATUS", "VALUE_TYPE", "UNITS", "ERROR", "DATA_TYPE", "SYS_TYPE", "CALC_TYPE", "BIZ_INDEX", "BIZ_CALC_OBJ", "BIZ_CALC_EXP", "BIZ_THEME_ID", "BIZ_IS_ZERO", "CRON", "BIZ_GROUP", "BIZ_THEME_EXP", "GROUP_FLAG")  VALUES ('51034c6e-a49a-46f8-9897-c998e9687df4', '网元加载指标', 'SCRIPT', 'bb4130ca-e97a-4c0b-8e94-0500f88aa83d', 'key-31', 1, NULL, 'ON', '0', NULL, NULL, NULL, 'THEME', '2', 'mirror-theme-*', '[{"zbxA":{"staticsType":0,"staticsField":"status","field":[{"field":null,"fieldComparor":"","fieldValue":""}],"date":[{"field":"@timestamp","dateComparor":"0","dateStaticsType":"0","dateOptionType":"1","dateValue":"1","dateInterval":"2"}]}}]', 'A', 'c9e26781-bcb6-419e-8117-0699038ce9b6', '1', NULL, '[{"name":"表名称","code":"tableName"},{"name":"失败条数","code":"total"},{"name":"省编码","code":"provinceCode"},{"name":"网元编码","code":"netcomCode"}]', NULL, NULL);
INSERT INTO MONITOR_ITEMS ("ITEM_ID", "NAME", "TYPE", "TEMPLATE_ID", "KEY", "DELAY", "HISTORY", "STATUS", "VALUE_TYPE", "UNITS", "ERROR", "DATA_TYPE", "SYS_TYPE", "CALC_TYPE", "BIZ_INDEX", "BIZ_CALC_OBJ", "BIZ_CALC_EXP", "BIZ_THEME_ID", "BIZ_IS_ZERO", "CRON", "BIZ_GROUP", "BIZ_THEME_EXP", "GROUP_FLAG")  VALUES ('7bc729e0-7f2d-4d9d-a343-c7e322d97e71', '本地文件操作-解析文件', 'SCRIPT', 'bb4130ca-e97a-4c0b-8e94-0500f88aa83d', 'key-23', 1, NULL, 'ON', '0', NULL, NULL, NULL, 'THEME', '2', 'mirror-theme-*', '[{"zbxA":{"staticsType":0,"staticsField":"status","field":[{"field":"","fieldComparor":"","fieldValue":""}],"date":[{"field":"@timestamp","dateComparor":"0","dateStaticsType":"0","dateOptionType":"1","dateValue":"1","dateInterval":"2"}]}}]', 'A', '30f596b6-d89c-4fe3-838f-5e2a30c80c66', '1', NULL, '[{"name":"文件名称","code":"fileName"},{"name":"文件路径","code":"filePath"},{"name":"网元编码","code":"netcomCode"},{"name":"业务日志创建时间","code":"createTime"}]', NULL, NULL);
INSERT INTO MONITOR_ITEMS ("ITEM_ID", "NAME", "TYPE", "TEMPLATE_ID", "KEY", "DELAY", "HISTORY", "STATUS", "VALUE_TYPE", "UNITS", "ERROR", "DATA_TYPE", "SYS_TYPE", "CALC_TYPE", "BIZ_INDEX", "BIZ_CALC_OBJ", "BIZ_CALC_EXP", "BIZ_THEME_ID", "BIZ_IS_ZERO", "CRON", "BIZ_GROUP", "BIZ_THEME_EXP", "GROUP_FLAG")  VALUES ('86f844a4-221e-4c70-b4e2-e216d15092fe', '本地文件操作-读', 'SCRIPT', 'bb4130ca-e97a-4c0b-8e94-0500f88aa83d', 'key-21', 1, NULL, 'ON', '0', NULL, NULL, NULL, 'THEME', '2', 'mirror-theme-*', '[{"zbxA":{"staticsType":0,"staticsField":"status","field":[{"field":"alarmType","fieldComparor":"2","fieldValue":"21"}],"date":[{"field":"@timestamp","dateComparor":"0","dateStaticsType":"0","dateOptionType":"1","dateValue":"1","dateInterval":"2"}]}}]', 'A', '8cffa562-d0ed-4fbc-bd5f-dbe9bb7ead94', '1', NULL, '[{"name":"文件名称","code":"fileName"},{"name":"文件路径","code":"filePath"},{"name":"网元编码","code":"netcomCode"},{"name":"业务日志创建时间","code":"createTime"}]', NULL, NULL);
INSERT INTO MONITOR_ITEMS ("ITEM_ID", "NAME", "TYPE", "TEMPLATE_ID", "KEY", "DELAY", "HISTORY", "STATUS", "VALUE_TYPE", "UNITS", "ERROR", "DATA_TYPE", "SYS_TYPE", "CALC_TYPE", "BIZ_INDEX", "BIZ_CALC_OBJ", "BIZ_CALC_EXP", "BIZ_THEME_ID", "BIZ_IS_ZERO", "CRON", "BIZ_GROUP", "BIZ_THEME_EXP", "GROUP_FLAG")  VALUES ('88a317eb-808f-4c29-a252-4efe02f41e49', '省BDC取文件指标', 'SCRIPT', 'bb4130ca-e97a-4c0b-8e94-0500f88aa83d', 'key-12', 1, NULL, 'ON', '0', NULL, NULL, NULL, 'THEME', '2', 'mirror-theme-*', '[{"zbxA":{"staticsType":0,"staticsField":"status","field":[{"field":"","fieldComparor":"","fieldValue":""}],"date":[{"field":"@timestamp","dateComparor":"0","dateStaticsType":"0","dateOptionType":"1","dateValue":"1","dateInterval":"2"}]}}]', 'A', 'c1c86d98-b7fd-496e-b27f-f92c0eca4494', '1', NULL, '[{"name":"文件名称","code":"fileName"},{"name":"文件路径","code":"filePath"},{"name":"网元编码","code":"netcomCode"},{"name":"业务系统日志创建时间","code":"createTime"}]', NULL, NULL);
INSERT INTO MONITOR_ITEMS ("ITEM_ID", "NAME", "TYPE", "TEMPLATE_ID", "KEY", "DELAY", "HISTORY", "STATUS", "VALUE_TYPE", "UNITS", "ERROR", "DATA_TYPE", "SYS_TYPE", "CALC_TYPE", "BIZ_INDEX", "BIZ_CALC_OBJ", "BIZ_CALC_EXP", "BIZ_THEME_ID", "BIZ_IS_ZERO", "CRON", "BIZ_GROUP", "BIZ_THEME_EXP", "GROUP_FLAG")  VALUES ('a9e6bcbd-cc9c-4ffe-b922-60fb78b218ef', '本地文件操作-写', 'SCRIPT', 'bb4130ca-e97a-4c0b-8e94-0500f88aa83d', 'key-22', 1, NULL, 'ON', '0', NULL, NULL, NULL, 'THEME', '2', 'mirror-theme-*', '[{"zbxA":{"staticsType":0,"staticsField":"status","field":[{"field":"","fieldComparor":"","fieldValue":""}],"date":[{"field":"@timestamp","dateComparor":"0","dateStaticsType":"0","dateOptionType":"1","dateValue":"1","dateInterval":"2"}]}}]', 'A', '553945fb-2871-46ea-a03d-6253733968a7', '1', NULL, '[{"name":"文件名称","code":"fileName"},{"name":"文件路径","code":"filePath"},{"name":"网元编码","code":"netcomCode"},{"name":"业务日志创建时间","code":"createTime"}]', NULL, NULL);
INSERT INTO MONITOR_ITEMS ("ITEM_ID", "NAME", "TYPE", "TEMPLATE_ID", "KEY", "DELAY", "HISTORY", "STATUS", "VALUE_TYPE", "UNITS", "ERROR", "DATA_TYPE", "SYS_TYPE", "CALC_TYPE", "BIZ_INDEX", "BIZ_CALC_OBJ", "BIZ_CALC_EXP", "BIZ_THEME_ID", "BIZ_IS_ZERO", "CRON", "BIZ_GROUP", "BIZ_THEME_EXP", "GROUP_FLAG")  VALUES ('25d2cdee-4c38-46f6-84d3-55bfbd7ecf48', 'FTP文件超时未取', 'SCRIPT', 'bb4130ca-e97a-4c0b-8e94-0500f88aa83d', 'key-14', 1, NULL, 'ON', '0', NULL, NULL, NULL, 'THEME', '2', 'mirror-theme-*', '[{"zbxA":{"staticsType":0,"staticsField":"status","field":[{"field":"","fieldComparor":"","fieldValue":""}],"date":[{"field":"@timestamp","dateComparor":"0","dateStaticsType":"0","dateOptionType":"1","dateValue":"1","dateInterval":"2"}]}}]', 'A', 'b4c453ef-ff09-487b-851e-c79a899e24a4', '1', NULL, '[{"name":"业务日志创建时间","code":"createTime"},{"name":"网元编码","code":"netcomCode"},{"name":"文件路径","code":"filePath"},{"name":"文件数量","code":"fileTotal"}]', NULL, NULL);




-- 触发器初始化



INSERT INTO MONITOR_TRIGGERS (trigger_id, name, expression, url, status, value, priority, item_id, param) VALUES ('788df741-8fc0-4997-8813-927b995465bd', 'FTP上传文件异常', '>0', null, 'ON', null, '4', '0587bb46-0e0c-48d8-8c1c-caf11d5adfff', null);
INSERT INTO MONITOR_TRIGGERS (trigger_id, name, expression, url, status, value, priority, item_id, param) VALUES ('87160fe1-a9a9-4308-be90-b87159156591', '网元加载超时', '>0', null, 'ON', null, '4', '10faa1e3-98e3-4fcf-a4d1-78028b53b763', null);
INSERT INTO MONITOR_TRIGGERS (trigger_id, name, expression, url, status, value, priority, item_id, param) VALUES ('c4972b21-c164-4599-8bf6-94ea3d92ed8e', '网元生成文件超时', '>0', null, 'ON', null, '4', '1941661e-6160-4027-95a8-f4ead0f46fb7', null);
INSERT INTO MONITOR_TRIGGERS (trigger_id, name, expression, url, status, value, priority, item_id, param) VALUES ('52d305a8-39fc-4e54-9b79-9e1f2546da12', 'FTP文件超时未取', '>0', null, 'ON', null, '4', '25d2cdee-4c38-46f6-84d3-55bfbd7ecf48', null);
INSERT INTO MONITOR_TRIGGERS (trigger_id, name, expression, url, status, value, priority, item_id, param) VALUES ('7128e38b-261f-4989-9078-6134a00299bf', '服务异常告警', '>0', null, 'ON', null, '5', '45b7abf0-5650-460a-a92a-33d619c50671', null);
INSERT INTO MONITOR_TRIGGERS (trigger_id, name, expression, url, status, value, priority, item_id, param) VALUES ('3d6716a5-da53-4926-831a-12b7f50b31f2', 'FTP连接异常', '>0', null, 'ON', null, '5', '48942889-7ce9-4932-9cb2-7ed963b5a882', null);
INSERT INTO MONITOR_TRIGGERS (trigger_id, name, expression, url, status, value, priority, item_id, param) VALUES ('a0f5e2b3-65fc-4bf7-9906-20125f72c945', '服务异常告警', '<1', null, 'ON', null, '5', '4c305b69-d1d0-42aa-b01e-6d3da463455e', null);
INSERT INTO MONITOR_TRIGGERS (trigger_id, name, expression, url, status, value, priority, item_id, param) VALUES ('283ef96d-3de0-4774-b47d-5bf2c38c937c', '网元加载失败', '>0', null, 'ON', null, '3', '51034c6e-a49a-46f8-9897-c998e9687df4', null);
INSERT INTO MONITOR_TRIGGERS (trigger_id, name, expression, url, status, value, priority, item_id, param) VALUES ('d3b0ff24-e915-4e19-bb83-5290f1f2d2ae', '解析文件异常', '>0', null, 'ON', null, '3', '7bc729e0-7f2d-4d9d-a343-c7e322d97e71', null);
INSERT INTO MONITOR_TRIGGERS (trigger_id, name, expression, url, status, value, priority, item_id, param) VALUES ('ad27e42a-0bad-44c1-a56c-adffbcabc8d5', '读文件异常', '>0', null, 'ON', null, '4', '86f844a4-221e-4c70-b4e2-e216d15092fe', null);
INSERT INTO MONITOR_TRIGGERS (trigger_id, name, expression, url, status, value, priority, item_id, param) VALUES ('257d32c7-930e-43db-a8dd-fcef01dafe5e', 'FTP取文件失败', '>0', null, 'ON', null, '4', '88a317eb-808f-4c29-a252-4efe02f41e49', null);
INSERT INTO MONITOR_TRIGGERS (trigger_id, name, expression, url, status, value, priority, item_id, param) VALUES ('f0705e78-2dfe-4087-a7c6-743d16192be6', '写文件异常', '>0', null, 'ON', null, '4', 'a9e6bcbd-cc9c-4ffe-b922-60fb78b218ef', null);



-- 模板同步数据初始化
INSERT INTO monitor_template_data_sync (sync_id, sync_data_type, data_id, operate_type) VALUES (SEQ_TEMPLATE_DATA_SYNC.nextval, 'template', 'bb4130ca-e97a-4c0b-8e94-0500f88aa83d', 'C');


INSERT INTO monitor_template_data_sync (sync_id, sync_data_type, data_id, operate_type) VALUES (SEQ_TEMPLATE_DATA_SYNC.nextval, 'item', '45b7abf0-5650-460a-a92a-33d619c50671', 'C');
INSERT INTO monitor_template_data_sync (sync_id, sync_data_type, data_id, operate_type) VALUES (SEQ_TEMPLATE_DATA_SYNC.nextval, 'item', '48942889-7ce9-4932-9cb2-7ed963b5a882', 'C');
INSERT INTO monitor_template_data_sync (sync_id, sync_data_type, data_id, operate_type) VALUES (SEQ_TEMPLATE_DATA_SYNC.nextval, 'item', '88a317eb-808f-4c29-a252-4efe02f41e49', 'C');
INSERT INTO monitor_template_data_sync (sync_id, sync_data_type, data_id, operate_type) VALUES (SEQ_TEMPLATE_DATA_SYNC.nextval, 'item', '0587bb46-0e0c-48d8-8c1c-caf11d5adfff', 'C');
INSERT INTO monitor_template_data_sync (sync_id, sync_data_type, data_id, operate_type) VALUES (SEQ_TEMPLATE_DATA_SYNC.nextval, 'item', '25d2cdee-4c38-46f6-84d3-55bfbd7ecf48', 'C');
INSERT INTO monitor_template_data_sync (sync_id, sync_data_type, data_id, operate_type) VALUES (SEQ_TEMPLATE_DATA_SYNC.nextval, 'item', '86f844a4-221e-4c70-b4e2-e216d15092fe', 'C');
INSERT INTO monitor_template_data_sync (sync_id, sync_data_type, data_id, operate_type) VALUES (SEQ_TEMPLATE_DATA_SYNC.nextval, 'item', 'a9e6bcbd-cc9c-4ffe-b922-60fb78b218ef', 'C');
INSERT INTO monitor_template_data_sync (sync_id, sync_data_type, data_id, operate_type) VALUES (SEQ_TEMPLATE_DATA_SYNC.nextval, 'item', '7bc729e0-7f2d-4d9d-a343-c7e322d97e71', 'C');
INSERT INTO monitor_template_data_sync (sync_id, sync_data_type, data_id, operate_type) VALUES (SEQ_TEMPLATE_DATA_SYNC.nextval, 'item', '51034c6e-a49a-46f8-9897-c998e9687df4', 'C');
INSERT INTO monitor_template_data_sync (sync_id, sync_data_type, data_id, operate_type) VALUES (SEQ_TEMPLATE_DATA_SYNC.nextval, 'item', '10faa1e3-98e3-4fcf-a4d1-78028b53b763', 'C');
INSERT INTO monitor_template_data_sync (sync_id, sync_data_type, data_id, operate_type) VALUES (SEQ_TEMPLATE_DATA_SYNC.nextval, 'item', '1941661e-6160-4027-95a8-f4ead0f46fb7', 'C');
INSERT INTO monitor_template_data_sync (sync_id, sync_data_type, data_id, operate_type) VALUES (SEQ_TEMPLATE_DATA_SYNC.nextval, 'item', '4c305b69-d1d0-42aa-b01e-6d3da463455e', 'C');


insert into monitor_template_data_sync (SYNC_ID, SYNC_DATA_TYPE, DATA_ID, OPERATE_TYPE)
values (SEQ_TEMPLATE_DATA_SYNC.nextval, 'trigger', '788df741-8fc0-4997-8813-927b995465bd', 'C');

insert into monitor_template_data_sync (SYNC_ID, SYNC_DATA_TYPE, DATA_ID, OPERATE_TYPE)
values (SEQ_TEMPLATE_DATA_SYNC.nextval, 'trigger', '87160fe1-a9a9-4308-be90-b87159156591', 'C');

insert into monitor_template_data_sync (SYNC_ID, SYNC_DATA_TYPE, DATA_ID, OPERATE_TYPE)
values (SEQ_TEMPLATE_DATA_SYNC.nextval, 'trigger', 'c4972b21-c164-4599-8bf6-94ea3d92ed8e', 'C');

insert into monitor_template_data_sync (SYNC_ID, SYNC_DATA_TYPE, DATA_ID, OPERATE_TYPE)
values (SEQ_TEMPLATE_DATA_SYNC.nextval, 'trigger', '52d305a8-39fc-4e54-9b79-9e1f2546da12', 'C');

insert into monitor_template_data_sync (SYNC_ID, SYNC_DATA_TYPE, DATA_ID, OPERATE_TYPE)
values (SEQ_TEMPLATE_DATA_SYNC.nextval, 'trigger', '7128e38b-261f-4989-9078-6134a00299bf', 'C');

insert into monitor_template_data_sync (SYNC_ID, SYNC_DATA_TYPE, DATA_ID, OPERATE_TYPE)
values (SEQ_TEMPLATE_DATA_SYNC.nextval, 'trigger', '3d6716a5-da53-4926-831a-12b7f50b31f2', 'C');

insert into monitor_template_data_sync (SYNC_ID, SYNC_DATA_TYPE, DATA_ID, OPERATE_TYPE)
values (SEQ_TEMPLATE_DATA_SYNC.nextval, 'trigger', 'a0f5e2b3-65fc-4bf7-9906-20125f72c945', 'C');

insert into monitor_template_data_sync (SYNC_ID, SYNC_DATA_TYPE, DATA_ID, OPERATE_TYPE)
values (SEQ_TEMPLATE_DATA_SYNC.nextval, 'trigger', '283ef96d-3de0-4774-b47d-5bf2c38c937c', 'C');

insert into monitor_template_data_sync (SYNC_ID, SYNC_DATA_TYPE, DATA_ID, OPERATE_TYPE)
values (SEQ_TEMPLATE_DATA_SYNC.nextval, 'trigger', 'd3b0ff24-e915-4e19-bb83-5290f1f2d2ae', 'C');

insert into monitor_template_data_sync (SYNC_ID, SYNC_DATA_TYPE, DATA_ID, OPERATE_TYPE)
values (SEQ_TEMPLATE_DATA_SYNC.nextval, 'trigger', 'ad27e42a-0bad-44c1-a56c-adffbcabc8d5', 'C');

insert into monitor_template_data_sync (SYNC_ID, SYNC_DATA_TYPE, DATA_ID, OPERATE_TYPE)
values (SEQ_TEMPLATE_DATA_SYNC.nextval, 'trigger', '257d32c7-930e-43db-a8dd-fcef01dafe5e', 'C');

insert into monitor_template_data_sync (SYNC_ID, SYNC_DATA_TYPE, DATA_ID, OPERATE_TYPE)
values (SEQ_TEMPLATE_DATA_SYNC.nextval, 'trigger', 'f0705e78-2dfe-4087-a7c6-743d16192be6', 'C');
commit;