delete from cmdb_sql_source where `name` in ('Alert_API_statisticsDeviceByIdcType',
'Alert_API_statisticsDeviceByDepartment1', 'Alert_API_statisticsDeviceByBizSystem',
'alert_query_bizSystem_info_by_ids', 'alert_query_department_info_by_ids',
'alert_query_department_by_bizSystem_id');

INSERT INTO `cmdb_sql_source` (`id`, `name`, `need_auth`, `auth_module`, `chart_type`, `chart_title`, `chart_sql`, `describe`) VALUES ('ce46b3d3-5058-47cd-a48b-d8a53f4a62b12', 'Alert_API_statisticsDeviceByBizSystem', '1', '主机资源', '', '', 'select b0.bizSystem bizSystem, count(1) deviceCount from cmdb_instance t\r\ninner join t_cfg_dict t0 on t.device_class = t0.id and t0.is_delete = \'0\'\r\ninner join cmdb_business_system b0 on b0.id = t.bizSystem and b0.is_delete = \'0\'\r\nwhere 1=1 \r\n<if test=\"deviceClass != null and deviceClass != \'\'\">\r\n    and t0.dict_note = #{deviceClass}\r\n</if>\r\n<if test=\"bizSystem != null and bizSystem.size > 0\">\r\n    and b0.bizSystem in (\r\n    <foreach collection=\"bizSystem\" item=\"item\" separator=\",\">\r\n         #{item}\r\n    </foreach>\r\n		)\r\n</if>\r\ngroup by b0.bizSystem order by count(1) desc\r\n', '综合首页-提供给告警根据业务系统统计设备数量');
INSERT INTO `cmdb_sql_source` (`id`, `name`, `need_auth`, `auth_module`, `chart_type`, `chart_title`, `chart_sql`, `describe`) VALUES ('ce46b3d3-5058-47cd-a48b-d8a53f4a62b11', 'Alert_API_statisticsDeviceByDepartment1', '1', '主机资源', '', '', 'select s0.orgName department1, count(1) deviceCount from cmdb_instance t\r\ninner join cmdb_org_system s0 on t.department1 = s0.id and s0.is_delete = \'0\'\r\ninner join cmdb_idc_manager i0 on i0.id = t.idcType and i0.is_delete = \'0\'\r\ninner join t_cfg_dict t0 on t.device_class = t0.id and t0.is_delete = \'0\'\r\ninner join t_cfg_dict t1 on t.device_type = t1.id\r\nleft join cmdb_business_system b0 on b0.id = t.bizSystem and b0.is_delete = \'0\'\r\nwhere 1=1 and ifnull(t.department1, \'\') != \'\'\r\n<if test=\"idcType != null and idcType != \'\'\">\r\n    and i0.idc_name = #{idcType}\r\n</if>\r\n<if test=\"deviceType != null and deviceType != \'\'\">\r\n    and t1.dict_note = #{deviceType}\r\n</if>\r\n<if test=\"deviceClass != null and deviceClass != \'\'\">\r\n    and t0.dict_note = #{deviceClass}\r\n</if>\r\n<if test=\"bizSystem != null and bizSystem.size > 0\">\r\n    and b0.bizSystem in (\r\n    <foreach collection=\"bizSystem\" item=\"item\" separator=\",\">\r\n        #{item}\r\n    </foreach>\r\n    )\r\n</if>\r\n<if test=\"department1 != null and department1.size > 0\">\r\n    and s0.orgName in (\r\n    <foreach collection=\"department1\" item=\"item\" separator=\",\">\r\n         #{item}\r\n    </foreach>\r\n)\r\n</if>\r\ngroup by s0.orgName', '综合首页-提供给告警根据一级部门统计设备数量');
INSERT INTO `cmdb_sql_source` (`id`, `name`, `need_auth`, `auth_module`, `chart_type`, `chart_title`, `chart_sql`, `describe`) VALUES ('ce46b3d3-5058-47cd-a48b-d8a53f4a62b10', 'Alert_API_statisticsDeviceByIdcType', '1', '主机资源', NULL, NULL, 'select i0.idc_name idcType, count(1) deviceCount from cmdb_instance c\r\ninner join t_cfg_dict t0 on c.device_class_3 = t0.id and t0.is_delete = \'0\'\r\ninner join cmdb_idc_manager i0 on i0.id = c.idcType and i0.is_delete = \'0\'\r\ninner join t_cfg_dict t1 on c.device_type = t1.id\r\nwhere IFNULL(idcType, \'\') != \'\'\r\n<if test=\"idcType != null and idcType != \'\'\">\r\n    and i0.idc_name = #{idcType}\r\n</if>\r\n<if test=\"deviceType != null and deviceType != \'\'\">\r\n    and t1.dict_note = #{deviceType}\r\n</if>\r\ngroup by i0.idc_name', '综合首页-提供给告警根据资源池统计设备数量');
INSERT INTO `cmdb_sql_source` (`id`, `name`, `need_auth`, `auth_module`, `chart_type`, `chart_title`, `chart_sql`, `describe`) VALUES ('32fe431d-d27b-11ea-96b0-0242ac110005', 'alert_query_bizSystem_info_by_ids', '0', '业务系统', '', '', 'select \r\n	s.id, bizSystem\r\nfrom cmdb_business_system s, cmdb_business d\r\nwhere 1=1 and s.is_delete = \'0\' and s.id = d.id and d.is_delete = \'0\'\r\n<if test=\"bizSystem != null\">\r\n		and s.id in \r\n		<foreach collection=\"bizSystem\" item=\"item\" separator=\",\" open=\"(\" close=\")\">\r\n				#{item}\r\n		</foreach>\r\n</if>', '提供给告警根据业务系统ID获取名称的接口');
INSERT INTO `cmdb_sql_source` (`id`, `name`, `need_auth`, `auth_module`, `chart_type`, `chart_title`, `chart_sql`, `describe`) VALUES ('01ee2cf184c64eb18a1b3fdf73b19f43', 'alert_query_department_by_bizSystem_id', '1', '业务系统', NULL, NULL, 'select \r\n	s.id, bizSystem, s.department1, o.orgName department1_name, s.department2, o1.orgName department2_name\r\nfrom cmdb_business_system s\r\nleft join cmdb_org_system o on s.department1 = o.id\r\nleft join cmdb_org_system o1 on s.department2 = o1.id\r\nwhere 1=1 and s.is_delete = \'0\'\r\n<if test=\"id != null\">\r\n		and s.id in \r\n		<foreach collection=\"id\" item=\"item\" separator=\",\" open=\"(\" close=\")\">\r\n				#{item}\r\n		</foreach>\r\n</if>\r\n<if test=\"bizSystem != null \">\r\n	and s.bizSystem in \r\n	<foreach collection=\"bizSystem\" item=\"item\" separator=\",\" open=\"(\" close=\")\">\r\n				#{item}\r\n		</foreach>\r\n</if>', '提供给告警根据业务ID或业务系统名称查询部门信息接口');
INSERT INTO `cmdb_sql_source` (`id`, `name`, `need_auth`, `auth_module`, `chart_type`, `chart_title`, `chart_sql`, `describe`) VALUES ('756ee5a9-d27b-11ea-96b0-0242ac110005', 'alert_query_department_info_by_ids', '0', '部门', '', '', 'select \r\n	s.id, s.orgName department\r\nfrom cmdb_org_system s, cmdb_dict d\r\nwhere 1=1 and s.is_delete = \'0\' and s.id = d.id and d.is_delete = \'0\'\r\n<if test=\"department != null\">\r\n		and s.id in \r\n		<foreach collection=\"department\" item=\"item\" separator=\",\" open=\"(\" close=\")\">\r\n				#{item}\r\n		</foreach>\r\n</if>', '提供给告警根据部门ID获取名称的接口');


INSERT INTO `cmdb_v3_module_catalog` (`id`, `catalog_code`, `catalog_name`, `parent_catalog_id`, `sort_index`, `is_delete`) VALUES ('6b6c80ef1dd14a93a55f732a9c77f7ce', 'partol_service_envent_track', '事件跟踪', 'a00b6e99f5a043e6b41c4ab5c93595ca', '1', '0');
INSERT INTO `cmdb_v3_module_catalog` (`id`, `catalog_code`, `catalog_name`, `parent_catalog_id`, `sort_index`, `is_delete`) VALUES ('a00b6e99f5a043e6b41c4ab5c93595ca', 'partol_service', '服务台基础数据', '0', '125', '0');
INSERT INTO `cmdb_v3_module_catalog` (`id`, `catalog_code`, `catalog_name`, `parent_catalog_id`, `sort_index`, `is_delete`) VALUES ('f44dc57f1aab43aa86b2892cc4a2bf9d', 'partol_service_concat_manager', '服务台事件', 'a00b6e99f5a043e6b41c4ab5c93595ca', NULL, '0');

INSERT INTO `cmdb_module` (`id`, `partition_id`, `name`, `code`, `catalog_id`, `parent_id`, `icon_url`, `sort_index`, `is_delete`, `is_display`, `is_vice`, `enable_approve`) VALUES ('13b2a54467844610939c59887cbc803d', '1', '服务台基础数据', 'poatol_service', 'a00b6e99f5a043e6b41c4ab5c93595ca', NULL, '/cmdb/static/images/Y_Project-v1.png', '10013', '0', '0', '0', '0');
INSERT INTO `cmdb_module` (`id`, `partition_id`, `name`, `code`, `catalog_id`, `parent_id`, `icon_url`, `sort_index`, `is_delete`, `is_display`, `is_vice`, `enable_approve`) VALUES ('ab0fe39a0f4e41da853b529b482fb93f', '1', '服务台事件', 'partol_concat', 'f44dc57f1aab43aa86b2892cc4a2bf9d', NULL, '/cmdb/static/images/Y_Project-v1.png', '10014', '0', '0', '0', '0');

INSERT INTO `cmdb_v3_module_code_setting` (`id`, `module_id`, `owner_module_id`, `group_id`, `code_id`, `display`, `sort_index`, `is_delete`) VALUES ('a359fbb49ca54d2db656d3bd480c0a35', '13b2a54467844610939c59887cbc803d', '13b2a54467844610939c59887cbc803d', '1f2269228a9f46dbbdb34f902c0f2a8e', '119184bc9eb649f89a22465069aae021', '0', '4', '0');
INSERT INTO `cmdb_v3_module_code_setting` (`id`, `module_id`, `owner_module_id`, `group_id`, `code_id`, `display`, `sort_index`, `is_delete`) VALUES ('a04a5031c0c14eb3b825b43523603400', '13b2a54467844610939c59887cbc803d', '13b2a54467844610939c59887cbc803d', '1f2269228a9f46dbbdb34f902c0f2a8e', '250559939ce4467080f3a4592c65dd28', '0', '2', '0');
INSERT INTO `cmdb_v3_module_code_setting` (`id`, `module_id`, `owner_module_id`, `group_id`, `code_id`, `display`, `sort_index`, `is_delete`) VALUES ('a78705e6e1c4477099319e36272ccce4', '13b2a54467844610939c59887cbc803d', '13b2a54467844610939c59887cbc803d', '1f2269228a9f46dbbdb34f902c0f2a8e', '2e5d35b757b54bd49635d66153abfc6e', '0', '5', '0');
INSERT INTO `cmdb_v3_module_code_setting` (`id`, `module_id`, `owner_module_id`, `group_id`, `code_id`, `display`, `sort_index`, `is_delete`) VALUES ('b854b082df7d4b54ae058bb9bb4158da', '13b2a54467844610939c59887cbc803d', '13b2a54467844610939c59887cbc803d', '1f2269228a9f46dbbdb34f902c0f2a8e', '663834142cc7464ca23b5435409b064b', '0', '6', '0');
INSERT INTO `cmdb_v3_module_code_setting` (`id`, `module_id`, `owner_module_id`, `group_id`, `code_id`, `display`, `sort_index`, `is_delete`) VALUES ('bee498ca46834b018d059fd8cd030120', '13b2a54467844610939c59887cbc803d', '13b2a54467844610939c59887cbc803d', '1f2269228a9f46dbbdb34f902c0f2a8e', '694ab9f049a8450199dfc13e0f289942', '0', '1', '0');
INSERT INTO `cmdb_v3_module_code_setting` (`id`, `module_id`, `owner_module_id`, `group_id`, `code_id`, `display`, `sort_index`, `is_delete`) VALUES ('85148ad3ad9344288411d5a24fb96276', '13b2a54467844610939c59887cbc803d', '13b2a54467844610939c59887cbc803d', '1f2269228a9f46dbbdb34f902c0f2a8e', 'b96cc5366229472cacd33e1d7c18627e', '0', '3', '0');
INSERT INTO `cmdb_v3_module_code_setting` (`id`, `module_id`, `owner_module_id`, `group_id`, `code_id`, `display`, `sort_index`, `is_delete`) VALUES ('eb561f7bff0b4f62b44f0eebff31a569', 'ab0fe39a0f4e41da853b529b482fb93f', '13b2a54467844610939c59887cbc803d', '13b2a54467844610939c59887cbc803d', '119184bc9eb649f89a22465069aae021', '0', '4', '0');
INSERT INTO `cmdb_v3_module_code_setting` (`id`, `module_id`, `owner_module_id`, `group_id`, `code_id`, `display`, `sort_index`, `is_delete`) VALUES ('1c091efbc0e64f7da5dec24c174060da', 'ab0fe39a0f4e41da853b529b482fb93f', 'ab0fe39a0f4e41da853b529b482fb93f', '120e875752c74359816f8deb200f7e01', '17e67d866f7e4239a42741ff5f08eb83', '0', '6', '0');
INSERT INTO `cmdb_v3_module_code_setting` (`id`, `module_id`, `owner_module_id`, `group_id`, `code_id`, `display`, `sort_index`, `is_delete`) VALUES ('aa4474f533244c8d8ccbc7d0702d9e2b', 'ab0fe39a0f4e41da853b529b482fb93f', '13b2a54467844610939c59887cbc803d', '13b2a54467844610939c59887cbc803d', '250559939ce4467080f3a4592c65dd28', '0', '2', '0');
INSERT INTO `cmdb_v3_module_code_setting` (`id`, `module_id`, `owner_module_id`, `group_id`, `code_id`, `display`, `sort_index`, `is_delete`) VALUES ('a9bc57426e074f96b23104b12558ab09', 'ab0fe39a0f4e41da853b529b482fb93f', '13b2a54467844610939c59887cbc803d', '13b2a54467844610939c59887cbc803d', '2e5d35b757b54bd49635d66153abfc6e', '0', '5', '0');
INSERT INTO `cmdb_v3_module_code_setting` (`id`, `module_id`, `owner_module_id`, `group_id`, `code_id`, `display`, `sort_index`, `is_delete`) VALUES ('8348731891aa44a18c4852d51ec4be71', 'ab0fe39a0f4e41da853b529b482fb93f', 'ab0fe39a0f4e41da853b529b482fb93f', '120e875752c74359816f8deb200f7e01', '4cf716e89d7742259f07171d8412478c', '0', '1', '0');
INSERT INTO `cmdb_v3_module_code_setting` (`id`, `module_id`, `owner_module_id`, `group_id`, `code_id`, `display`, `sort_index`, `is_delete`) VALUES ('52a34151a6294954a3315835abecb922', 'ab0fe39a0f4e41da853b529b482fb93f', '13b2a54467844610939c59887cbc803d', '13b2a54467844610939c59887cbc803d', '663834142cc7464ca23b5435409b064b', '0', '6', '0');
INSERT INTO `cmdb_v3_module_code_setting` (`id`, `module_id`, `owner_module_id`, `group_id`, `code_id`, `display`, `sort_index`, `is_delete`) VALUES ('f7afef1423304f0abdb3fc11d049faf4', 'ab0fe39a0f4e41da853b529b482fb93f', '13b2a54467844610939c59887cbc803d', '13b2a54467844610939c59887cbc803d', '694ab9f049a8450199dfc13e0f289942', '0', '1', '0');
INSERT INTO `cmdb_v3_module_code_setting` (`id`, `module_id`, `owner_module_id`, `group_id`, `code_id`, `display`, `sort_index`, `is_delete`) VALUES ('ee560777fc88464dbf0b62fb31c0b265', 'ab0fe39a0f4e41da853b529b482fb93f', 'ab0fe39a0f4e41da853b529b482fb93f', '120e875752c74359816f8deb200f7e01', '6b978141e2e54071a2869e06c392ac8e', '0', '3', '0');
INSERT INTO `cmdb_v3_module_code_setting` (`id`, `module_id`, `owner_module_id`, `group_id`, `code_id`, `display`, `sort_index`, `is_delete`) VALUES ('21535cdd9ad24847801f53ef902cd666', 'ab0fe39a0f4e41da853b529b482fb93f', 'ab0fe39a0f4e41da853b529b482fb93f', '120e875752c74359816f8deb200f7e01', '858d929e27fb432aa8c1b213a68a0d99', '0', '4', '0');
INSERT INTO `cmdb_v3_module_code_setting` (`id`, `module_id`, `owner_module_id`, `group_id`, `code_id`, `display`, `sort_index`, `is_delete`) VALUES ('dab1ca5ef01041b78f78d6fa8f0b2991', 'ab0fe39a0f4e41da853b529b482fb93f', 'ab0fe39a0f4e41da853b529b482fb93f', '120e875752c74359816f8deb200f7e01', '881451fed0934f0cb7378ba56b913acf', '0', '7', '0');
INSERT INTO `cmdb_v3_module_code_setting` (`id`, `module_id`, `owner_module_id`, `group_id`, `code_id`, `display`, `sort_index`, `is_delete`) VALUES ('a19d24dbe21e41fd890056ce13be5ce5', 'ab0fe39a0f4e41da853b529b482fb93f', 'ab0fe39a0f4e41da853b529b482fb93f', '120e875752c74359816f8deb200f7e01', '91c93b9f45aa4592ad71d3091a74facb', '0', '5', '0');
INSERT INTO `cmdb_v3_module_code_setting` (`id`, `module_id`, `owner_module_id`, `group_id`, `code_id`, `display`, `sort_index`, `is_delete`) VALUES ('2bb408d4eaef46c5b0dc919f4269a814', 'ab0fe39a0f4e41da853b529b482fb93f', 'ab0fe39a0f4e41da853b529b482fb93f', '120e875752c74359816f8deb200f7e01', '9c1d060029304e0fb39ea8bade3300b5', '0', '8', '0');
INSERT INTO `cmdb_v3_module_code_setting` (`id`, `module_id`, `owner_module_id`, `group_id`, `code_id`, `display`, `sort_index`, `is_delete`) VALUES ('061eef4ecaca4e9db3f25a416c910276', 'ab0fe39a0f4e41da853b529b482fb93f', 'ab0fe39a0f4e41da853b529b482fb93f', '120e875752c74359816f8deb200f7e01', 'a6bdcaf0e89944a98f47bb937aeeca5f', '0', '9', '0');
INSERT INTO `cmdb_v3_module_code_setting` (`id`, `module_id`, `owner_module_id`, `group_id`, `code_id`, `display`, `sort_index`, `is_delete`) VALUES ('1304079d4d6042e9af834b869dfaa39c', 'ab0fe39a0f4e41da853b529b482fb93f', '13b2a54467844610939c59887cbc803d', '13b2a54467844610939c59887cbc803d', 'b96cc5366229472cacd33e1d7c18627e', '0', '3', '0');
INSERT INTO `cmdb_v3_module_code_setting` (`id`, `module_id`, `owner_module_id`, `group_id`, `code_id`, `display`, `sort_index`, `is_delete`) VALUES ('e1bdbcc253ae4385a77d5b11aa0b1a28', 'ab0fe39a0f4e41da853b529b482fb93f', 'ab0fe39a0f4e41da853b529b482fb93f', '120e875752c74359816f8deb200f7e01', 'ed7629fc5a094ee2b056a08db9315158', '0', '2', '0');

INSERT INTO `cmdb_module_code_group` (`group_id`, `group_name`, `module_id`, `sort_index`, `is_delete`) VALUES ('1f2269228a9f46dbbdb34f902c0f2a8e', '服务台属性', '13b2a54467844610939c59887cbc803d', '1', '0');
INSERT INTO `cmdb_module_code_group` (`group_id`, `group_name`, `module_id`, `sort_index`, `is_delete`) VALUES ('120e875752c74359816f8deb200f7e01', '联系人信息', 'ab0fe39a0f4e41da853b529b482fb93f', '2', '0');
INSERT INTO `cmdb_module_code_group` (`group_id`, `group_name`, `module_id`, `sort_index`, `is_delete`) VALUES ('13b2a54467844610939c59887cbc803d', '服务台基础数据', 'ab0fe39a0f4e41da853b529b482fb93f', '1', '0');

INSERT INTO `cmdb_code` (`code_id`, `filed_code`, `filed_name`, `module_catalog_id`, `control_type_id`, `code_length`, `code_tip`, `display_style`, `is_bind_source`, `is_validate`, `is_approve`, `is_collect`, `sort_index`, `is_delete`, `add_read_only`, `update_read_only`, `default_value`) VALUES ('119184bc9eb649f89a22465069aae021', 'insert_time', '录入时间', 'a00b6e99f5a043e6b41c4ab5c93595ca', 'debb3e53-7bbc-11e9-b0c3-0242ac110002', '40', '', '4', '否', '否', '否', '否', '10265', '0', '1', '1', '');
INSERT INTO `cmdb_code` (`code_id`, `filed_code`, `filed_name`, `module_catalog_id`, `control_type_id`, `code_length`, `code_tip`, `display_style`, `is_bind_source`, `is_validate`, `is_approve`, `is_collect`, `sort_index`, `is_delete`, `add_read_only`, `update_read_only`, `default_value`) VALUES ('250559939ce4467080f3a4592c65dd28', 'module_id', '模型ID', 'a00b6e99f5a043e6b41c4ab5c93595ca', 'debb3949-7bbc-11e9-b0c3-0242ac110002', '40', '', '4', '否', '否', '否', '否', '10262', '0', '1', '1', '');
INSERT INTO `cmdb_code` (`code_id`, `filed_code`, `filed_name`, `module_catalog_id`, `control_type_id`, `code_length`, `code_tip`, `display_style`, `is_bind_source`, `is_validate`, `is_approve`, `is_collect`, `sort_index`, `is_delete`, `add_read_only`, `update_read_only`, `default_value`) VALUES ('2e5d35b757b54bd49635d66153abfc6e', 'update_person', '最后更新人', 'a00b6e99f5a043e6b41c4ab5c93595ca', 'debb3949-7bbc-11e9-b0c3-0242ac110002', '40', '', '4', '否', '否', '否', '否', '10264', '0', '1', '1', '');
INSERT INTO `cmdb_code` (`code_id`, `filed_code`, `filed_name`, `module_catalog_id`, `control_type_id`, `code_length`, `code_tip`, `display_style`, `is_bind_source`, `is_validate`, `is_approve`, `is_collect`, `sort_index`, `is_delete`, `add_read_only`, `update_read_only`, `default_value`) VALUES ('663834142cc7464ca23b5435409b064b', 'update_time', '最后更新时间', 'a00b6e99f5a043e6b41c4ab5c93595ca', 'debb3e53-7bbc-11e9-b0c3-0242ac110002', '40', '', '4', '否', '否', '否', '否', '10266', '0', '1', '1', '');
INSERT INTO `cmdb_code` (`code_id`, `filed_code`, `filed_name`, `module_catalog_id`, `control_type_id`, `code_length`, `code_tip`, `display_style`, `is_bind_source`, `is_validate`, `is_approve`, `is_collect`, `sort_index`, `is_delete`, `add_read_only`, `update_read_only`, `default_value`) VALUES ('694ab9f049a8450199dfc13e0f289942', 'id', '实例ID', 'a00b6e99f5a043e6b41c4ab5c93595ca', 'debb3949-7bbc-11e9-b0c3-0242ac110002', '40', '', '4', '否', '否', '否', '否', '10261', '0', '1', '1', '');
INSERT INTO `cmdb_code` (`code_id`, `filed_code`, `filed_name`, `module_catalog_id`, `control_type_id`, `code_length`, `code_tip`, `display_style`, `is_bind_source`, `is_validate`, `is_approve`, `is_collect`, `sort_index`, `is_delete`, `add_read_only`, `update_read_only`, `default_value`) VALUES ('b96cc5366229472cacd33e1d7c18627e', 'insert_person', '录入人', 'a00b6e99f5a043e6b41c4ab5c93595ca', 'debb3949-7bbc-11e9-b0c3-0242ac110002', '40', '', '3', '否', '否', '否', '否', NULL, '0', '1', '1', '');
INSERT INTO `cmdb_code` (`code_id`, `filed_code`, `filed_name`, `module_catalog_id`, `control_type_id`, `code_length`, `code_tip`, `display_style`, `is_bind_source`, `is_validate`, `is_approve`, `is_collect`, `sort_index`, `is_delete`, `add_read_only`, `update_read_only`, `default_value`) VALUES ('17e67d866f7e4239a42741ff5f08eb83', 'event_subclass', '事件子类', 'a00b6e99f5a043e6b41c4ab5c93595ca', 'debb3949-7bbc-11e9-b0c3-0242ac110002', '40', '', '4', '否', '否', '否', '否', '10276', '0', '0', '0', '');
INSERT INTO `cmdb_code` (`code_id`, `filed_code`, `filed_name`, `module_catalog_id`, `control_type_id`, `code_length`, `code_tip`, `display_style`, `is_bind_source`, `is_validate`, `is_approve`, `is_collect`, `sort_index`, `is_delete`, `add_read_only`, `update_read_only`, `default_value`) VALUES ('4cf716e89d7742259f07171d8412478c', 'event_resource', '事件来源', 'a00b6e99f5a043e6b41c4ab5c93595ca', 'debb3949-7bbc-11e9-b0c3-0242ac110002', '40', '', '4', '否', '否', '否', '否', '10267', '0', '0', '0', '');
INSERT INTO `cmdb_code` (`code_id`, `filed_code`, `filed_name`, `module_catalog_id`, `control_type_id`, `code_length`, `code_tip`, `display_style`, `is_bind_source`, `is_validate`, `is_approve`, `is_collect`, `sort_index`, `is_delete`, `add_read_only`, `update_read_only`, `default_value`) VALUES ('6b978141e2e54071a2869e06c392ac8e', 'concat_phone', '联系人电话', 'a00b6e99f5a043e6b41c4ab5c93595ca', 'debb3949-7bbc-11e9-b0c3-0242ac110002', '40', '联系人电话', '4', '否', '是', '否', '否', '10260', '0', '0', '0', '');
INSERT INTO `cmdb_code` (`code_id`, `filed_code`, `filed_name`, `module_catalog_id`, `control_type_id`, `code_length`, `code_tip`, `display_style`, `is_bind_source`, `is_validate`, `is_approve`, `is_collect`, `sort_index`, `is_delete`, `add_read_only`, `update_read_only`, `default_value`) VALUES ('858d929e27fb432aa8c1b213a68a0d99', 'event_discribtion', '事件描述', 'a00b6e99f5a043e6b41c4ab5c93595ca', 'debb3949-7bbc-11e9-b0c3-0242ac110002', '200', '', '4', '否', '否', '否', '否', '10274', '0', '0', '0', '');
INSERT INTO `cmdb_code` (`code_id`, `filed_code`, `filed_name`, `module_catalog_id`, `control_type_id`, `code_length`, `code_tip`, `display_style`, `is_bind_source`, `is_validate`, `is_approve`, `is_collect`, `sort_index`, `is_delete`, `add_read_only`, `update_read_only`, `default_value`) VALUES ('881451fed0934f0cb7378ba56b913acf', 'notice_time', '通知时间', 'a00b6e99f5a043e6b41c4ab5c93595ca', 'debb3e53-7bbc-11e9-b0c3-0242ac110002', '40', '', '4', '否', '否', '否', '否', '10277', '0', '0', '0', '');
INSERT INTO `cmdb_code` (`code_id`, `filed_code`, `filed_name`, `module_catalog_id`, `control_type_id`, `code_length`, `code_tip`, `display_style`, `is_bind_source`, `is_validate`, `is_approve`, `is_collect`, `sort_index`, `is_delete`, `add_read_only`, `update_read_only`, `default_value`) VALUES ('91c93b9f45aa4592ad71d3091a74facb', 'event_classify', '事件分类', 'a00b6e99f5a043e6b41c4ab5c93595ca', 'debb3949-7bbc-11e9-b0c3-0242ac110002', '40', '', '4', '否', '否', '否', '否', '10275', '0', '0', '0', '');
INSERT INTO `cmdb_code` (`code_id`, `filed_code`, `filed_name`, `module_catalog_id`, `control_type_id`, `code_length`, `code_tip`, `display_style`, `is_bind_source`, `is_validate`, `is_approve`, `is_collect`, `sort_index`, `is_delete`, `add_read_only`, `update_read_only`, `default_value`) VALUES ('9c1d060029304e0fb39ea8bade3300b5', 'send_time', '派单时间', 'a00b6e99f5a043e6b41c4ab5c93595ca', 'debb3e53-7bbc-11e9-b0c3-0242ac110002', '40', '', '4', '否', '否', '否', '否', '10278', '0', '0', '0', '');
INSERT INTO `cmdb_code` (`code_id`, `filed_code`, `filed_name`, `module_catalog_id`, `control_type_id`, `code_length`, `code_tip`, `display_style`, `is_bind_source`, `is_validate`, `is_approve`, `is_collect`, `sort_index`, `is_delete`, `add_read_only`, `update_read_only`, `default_value`) VALUES ('a6bdcaf0e89944a98f47bb937aeeca5f', 'order_id', '工单编号', 'a00b6e99f5a043e6b41c4ab5c93595ca', 'debb3949-7bbc-11e9-b0c3-0242ac110002', '50', '', '4', '否', '否', '否', '否', '10279', '0', '0', '0', '');
INSERT INTO `cmdb_code` (`code_id`, `filed_code`, `filed_name`, `module_catalog_id`, `control_type_id`, `code_length`, `code_tip`, `display_style`, `is_bind_source`, `is_validate`, `is_approve`, `is_collect`, `sort_index`, `is_delete`, `add_read_only`, `update_read_only`, `default_value`) VALUES ('ed7629fc5a094ee2b056a08db9315158', 'custom_name', '客户姓名', 'a00b6e99f5a043e6b41c4ab5c93595ca', 'debb3949-7bbc-11e9-b0c3-0242ac110002', '40', '', '4', '否', '否', '否', '否', '10268', '0', '0', '0', '');

INSERT INTO `cmdb_v3_code_cascade` (`id`, `code_id`, `sub_code_id`, `sql_string`, `sort_index`, `is_delete`) VALUES ('7c603dfbc3b9442da89e98d1ed254a9c', '119184bc9eb649f89a22465069aae021', '', '', '1', '0');
INSERT INTO `cmdb_v3_code_cascade` (`id`, `code_id`, `sub_code_id`, `sql_string`, `sort_index`, `is_delete`) VALUES ('4e5658cab7fc4696aa08c5425e43725d', '250559939ce4467080f3a4592c65dd28', '', '', '1', '0');
INSERT INTO `cmdb_v3_code_cascade` (`id`, `code_id`, `sub_code_id`, `sql_string`, `sort_index`, `is_delete`) VALUES ('792d6c9e251a4d839e7dbe333e7008d9', '2e5d35b757b54bd49635d66153abfc6e', '', '', '1', '0');
INSERT INTO `cmdb_v3_code_cascade` (`id`, `code_id`, `sub_code_id`, `sql_string`, `sort_index`, `is_delete`) VALUES ('f925841a35604f67a67c090a22b8245e', '663834142cc7464ca23b5435409b064b', '', '', '1', '0');
INSERT INTO `cmdb_v3_code_cascade` (`id`, `code_id`, `sub_code_id`, `sql_string`, `sort_index`, `is_delete`) VALUES ('a787c63fbeb540a58cefc48797f732bc', '694ab9f049a8450199dfc13e0f289942', '', '', '1', '0');
INSERT INTO `cmdb_v3_code_cascade` (`id`, `code_id`, `sub_code_id`, `sql_string`, `sort_index`, `is_delete`) VALUES ('6c157ddd58d74cfea2846d208e3d9a79', 'b96cc5366229472cacd33e1d7c18627e', '', '', '1', '0');
INSERT INTO `cmdb_v3_code_cascade` (`id`, `code_id`, `sub_code_id`, `sql_string`, `sort_index`, `is_delete`) VALUES ('7c594f5dbc73482c9dbba773df9459aa', '17e67d866f7e4239a42741ff5f08eb83', '', '', '1', '0');
INSERT INTO `cmdb_v3_code_cascade` (`id`, `code_id`, `sub_code_id`, `sql_string`, `sort_index`, `is_delete`) VALUES ('27ec1aaae4cc49038660b178c9a4bf12', '4cf716e89d7742259f07171d8412478c', '', '', '1', '0');
INSERT INTO `cmdb_v3_code_cascade` (`id`, `code_id`, `sub_code_id`, `sql_string`, `sort_index`, `is_delete`) VALUES ('13ad266b504749aab43dff8c0543ba79', '6b978141e2e54071a2869e06c392ac8e', '', '', '1', '0');
INSERT INTO `cmdb_v3_code_cascade` (`id`, `code_id`, `sub_code_id`, `sql_string`, `sort_index`, `is_delete`) VALUES ('916e773770f14d618c45b39b154b2ea0', '858d929e27fb432aa8c1b213a68a0d99', '', '', '1', '0');
INSERT INTO `cmdb_v3_code_cascade` (`id`, `code_id`, `sub_code_id`, `sql_string`, `sort_index`, `is_delete`) VALUES ('29e01373ae3e46f2be62006440b81c20', '881451fed0934f0cb7378ba56b913acf', '', '', '1', '0');
INSERT INTO `cmdb_v3_code_cascade` (`id`, `code_id`, `sub_code_id`, `sql_string`, `sort_index`, `is_delete`) VALUES ('e1922dbc2636428fbced4e3dba6fefa7', '91c93b9f45aa4592ad71d3091a74facb', '', '', '1', '0');
INSERT INTO `cmdb_v3_code_cascade` (`id`, `code_id`, `sub_code_id`, `sql_string`, `sort_index`, `is_delete`) VALUES ('be0e02bc4e714ecda31f8678b3f38c14', '9c1d060029304e0fb39ea8bade3300b5', '', '', '1', '0');
INSERT INTO `cmdb_v3_code_cascade` (`id`, `code_id`, `sub_code_id`, `sql_string`, `sort_index`, `is_delete`) VALUES ('52c3b39178984ee3b82bc5ec7fd9f58e', 'a6bdcaf0e89944a98f47bb937aeeca5f', '', '', '1', '0');
INSERT INTO `cmdb_v3_code_cascade` (`id`, `code_id`, `sub_code_id`, `sql_string`, `sort_index`, `is_delete`) VALUES ('c60d1189f0024de9850446e553a7030b', 'ed7629fc5a094ee2b056a08db9315158', '', '', '1', '0');

INSERT INTO `cmdb_v3_code_table` (`id`, `code_id`, `col_title`, `col_key`, `sort_index`, `is_delete`) VALUES ('b56792fc4ffd4ed39e49b0fdbae5da8f', '119184bc9eb649f89a22465069aae021', '', '', '1', '0');
INSERT INTO `cmdb_v3_code_table` (`id`, `code_id`, `col_title`, `col_key`, `sort_index`, `is_delete`) VALUES ('b5e37e91a0c04febb54615f6049ba555', '250559939ce4467080f3a4592c65dd28', '', '', '1', '0');
INSERT INTO `cmdb_v3_code_table` (`id`, `code_id`, `col_title`, `col_key`, `sort_index`, `is_delete`) VALUES ('8f3fd8e7656a401e82b3bf69c0528845', '2e5d35b757b54bd49635d66153abfc6e', '', '', '1', '0');
INSERT INTO `cmdb_v3_code_table` (`id`, `code_id`, `col_title`, `col_key`, `sort_index`, `is_delete`) VALUES ('64f000b901da43268f81038d1121638c', '663834142cc7464ca23b5435409b064b', '', '', '1', '0');
INSERT INTO `cmdb_v3_code_table` (`id`, `code_id`, `col_title`, `col_key`, `sort_index`, `is_delete`) VALUES ('36af8cde69714d7a9b6f67c663f2831d', '694ab9f049a8450199dfc13e0f289942', '', '', '1', '0');
INSERT INTO `cmdb_v3_code_table` (`id`, `code_id`, `col_title`, `col_key`, `sort_index`, `is_delete`) VALUES ('e13a6dde624d4758aa3e1d4573792ac7', 'b96cc5366229472cacd33e1d7c18627e', '', '', '1', '0');
INSERT INTO `cmdb_v3_code_table` (`id`, `code_id`, `col_title`, `col_key`, `sort_index`, `is_delete`) VALUES ('45e82ab2eb114b838564acdda42de639', '17e67d866f7e4239a42741ff5f08eb83', '', '', '1', '0');
INSERT INTO `cmdb_v3_code_table` (`id`, `code_id`, `col_title`, `col_key`, `sort_index`, `is_delete`) VALUES ('33ea3d87fdc74e4aa5ef3c7084fbcc53', '4cf716e89d7742259f07171d8412478c', '', '', '1', '0');
INSERT INTO `cmdb_v3_code_table` (`id`, `code_id`, `col_title`, `col_key`, `sort_index`, `is_delete`) VALUES ('cfb22c6db4d54c1d980f6cf5917dbf51', '6b978141e2e54071a2869e06c392ac8e', '', '', '1', '0');
INSERT INTO `cmdb_v3_code_table` (`id`, `code_id`, `col_title`, `col_key`, `sort_index`, `is_delete`) VALUES ('83d40856ba334415a334105b8016c0ad', '858d929e27fb432aa8c1b213a68a0d99', '', '', '1', '0');
INSERT INTO `cmdb_v3_code_table` (`id`, `code_id`, `col_title`, `col_key`, `sort_index`, `is_delete`) VALUES ('2abd0f276f984722bdf6ae2358884278', '881451fed0934f0cb7378ba56b913acf', '', '', '1', '0');
INSERT INTO `cmdb_v3_code_table` (`id`, `code_id`, `col_title`, `col_key`, `sort_index`, `is_delete`) VALUES ('a16cfbde018f45f18611ec873a5be37c', '91c93b9f45aa4592ad71d3091a74facb', '', '', '1', '0');
INSERT INTO `cmdb_v3_code_table` (`id`, `code_id`, `col_title`, `col_key`, `sort_index`, `is_delete`) VALUES ('a325dcdc43ad43f1ad7d56eec8740e3d', '9c1d060029304e0fb39ea8bade3300b5', '', '', '1', '0');
INSERT INTO `cmdb_v3_code_table` (`id`, `code_id`, `col_title`, `col_key`, `sort_index`, `is_delete`) VALUES ('5e04824f337d417a905d4cba220aed15', 'a6bdcaf0e89944a98f47bb937aeeca5f', '', '', '1', '0');
INSERT INTO `cmdb_v3_code_table` (`id`, `code_id`, `col_title`, `col_key`, `sort_index`, `is_delete`) VALUES ('4ec53f76658a42bfbbca94642f3385bc', 'ed7629fc5a094ee2b056a08db9315158', '', '', '1', '0');

INSERT INTO `cmdb_config` (`id`, `config_code`, `config_value`, `config_value_type`, `config_remark`) VALUES ('9a3ad69ef1df4cc483906d24ea7e635d', 'primaryKey:ab0fe39a0f4e41da853b529b482fb93f', 'id', 'text', '');

INSERT INTO `cmdb_v3_condication_setting` (`id`, `condication_code`, `condication_name`, `condication_type`, `module_id`, `access_user_id`, `remark`, `is_delete`) VALUES ('d30c90032d204324a671eb0578f1209e', 'cond_partol_concat_list', 'cond_partol_concat_list', '系统菜单', 'ab0fe39a0f4e41da853b529b482fb93f', '5245ed1b-6345-11e', '服务台联系人查询条件配置', '0');
INSERT INTO `cmdb_v3_condication_setting_relation` (`id`, `condication_setting_id`, `code_id`, `default_value`, `operate_type`, `is_require`, `sort_index`, `is_delete`) VALUES ('fe902f7aa2cf4e3d8f2085cfa5d40477', 'd30c90032d204324a671eb0578f1209e', '119184bc9eb649f89a22465069aae021', '', 'between', '1', '7', '0');
INSERT INTO `cmdb_v3_condication_setting_relation` (`id`, `condication_setting_id`, `code_id`, `default_value`, `operate_type`, `is_require`, `sort_index`, `is_delete`) VALUES ('635ffc99bab341c8914b64d8134ee2d5', 'd30c90032d204324a671eb0578f1209e', '17e67d866f7e4239a42741ff5f08eb83', '', 'like', '1', '3', '0');
INSERT INTO `cmdb_v3_condication_setting_relation` (`id`, `condication_setting_id`, `code_id`, `default_value`, `operate_type`, `is_require`, `sort_index`, `is_delete`) VALUES ('fe28be9262a945079f0ef6c7974cb336', 'd30c90032d204324a671eb0578f1209e', '35e0d9866f8543c8a0c2cd7075a1fc62', '', 'like', '1', '5', '0');
INSERT INTO `cmdb_v3_condication_setting_relation` (`id`, `condication_setting_id`, `code_id`, `default_value`, `operate_type`, `is_require`, `sort_index`, `is_delete`) VALUES ('7da47d88df134ba8b02bdbfd84dceb9b', 'd30c90032d204324a671eb0578f1209e', '4cf716e89d7742259f07171d8412478c', '', 'like', '1', '1', '0');
INSERT INTO `cmdb_v3_condication_setting_relation` (`id`, `condication_setting_id`, `code_id`, `default_value`, `operate_type`, `is_require`, `sort_index`, `is_delete`) VALUES ('16dccd1b5f30457498d5f83b99551870', 'd30c90032d204324a671eb0578f1209e', '6b978141e2e54071a2869e06c392ac8e', '', 'like', '1', '6', '0');
INSERT INTO `cmdb_v3_condication_setting_relation` (`id`, `condication_setting_id`, `code_id`, `default_value`, `operate_type`, `is_require`, `sort_index`, `is_delete`) VALUES ('be0f438562074780aa3f63738e05866a', 'd30c90032d204324a671eb0578f1209e', '858d929e27fb432aa8c1b213a68a0d99', '', 'like', '1', '4', '0');
INSERT INTO `cmdb_v3_condication_setting_relation` (`id`, `condication_setting_id`, `code_id`, `default_value`, `operate_type`, `is_require`, `sort_index`, `is_delete`) VALUES ('b8d951aa655246a3b738bb9290c71d69', 'd30c90032d204324a671eb0578f1209e', '91c93b9f45aa4592ad71d3091a74facb', '', 'like', '1', '2', '0');
