INSERT INTO `cmdb_view` (`id`, `view_code`, `view_name`, `catalog_id`, `module_id`, `create_time`, `update_time`, `create_person`, `update_person`) VALUES ('4298d9153c9e4522912cfc8794f16045', 'monitor_screen_idc_view', '监控大屏资源池树', '2aa2924a75fd4255a01dc77b255f1b04', '9409510cdcc14228a1ac2bbef35f9eca', '2020-08-24 11:09:01', '2020-09-03 10:43:54', 'alauda', 'alauda');
INSERT INTO `cmdb_view_node` (`id`, `node_name`, `icon_dict_id`, `view_id`, `parent_node_id`, `enable_query`, `enable_use_code`, `use_code_id`, `to_query_filed`, `config_sql`, `enable_show_count`, `show_sep`) VALUES ('3db6e048ee554c69a7b8d4f68ddc832f', '机房名称', '', '4298d9153c9e4522912cfc8794f16045', 'ff3f757c38174a529926cc3be3193809', '1', '0', '', 'roomId', 'select DISTINCT r.room_id id, rm.room_name roomId, r.idc_id idcType from cmdb_idc_resource_relation r inner join cmdb_room_manager rm on rm.id = r.room_id order by rm.sort_index is null, rm.sort_index', '0', '');
INSERT INTO `cmdb_view_node` (`id`, `node_name`, `icon_dict_id`, `view_id`, `parent_node_id`, `enable_query`, `enable_use_code`, `use_code_id`, `to_query_filed`, `config_sql`, `enable_show_count`, `show_sep`) VALUES ('5c92793a00c845d5a723f74a5f0e19df', '设备分类', '', '4298d9153c9e4522912cfc8794f16045', '3db6e048ee554c69a7b8d4f68ddc832f', '1', '0', '', 'device_type', 'select DISTINCT i.device_type id, c.dict_note device_type, i.idcType, i.roomId from cmdb_instance i \ninner join t_cfg_dict c on c.id = i.device_type', '0', '');
INSERT INTO `cmdb_view_node` (`id`, `node_name`, `icon_dict_id`, `view_id`, `parent_node_id`, `enable_query`, `enable_use_code`, `use_code_id`, `to_query_filed`, `config_sql`, `enable_show_count`, `show_sep`) VALUES ('ff3f757c38174a529926cc3be3193809', '资源池名称', '', '4298d9153c9e4522912cfc8794f16045', '', '1', '0', '12f10f0ede8d4ba2b2e79449459b0096', 'idcType', 'select id, idc_name idcType from cmdb_idc_manager m where m.is_delete = \'0\' order by sort_index is null, sort_index', '0', '');
INSERT INTO `cmdb_v3_condication_setting` (`id`, `condication_code`, `condication_name`, `condication_type`, `module_id`, `access_user_id`, `remark`, `is_delete`) VALUES ('7c1c2bf267494c8d98a162b9786727dd', 'cond_monitor_screen_view', '监控大屏查询条件配置', '系统菜单', '96603733-5793-11ea-ab96-fa163e982f89', '5245ed1b-6345-11e', '监控大屏查询条件配置', '0');
INSERT INTO `cmdb_v3_condication_setting` (`id`, `condication_code`, `condication_name`, `condication_type`, `module_id`, `access_user_id`, `remark`, `is_delete`) VALUES ('fa872a4a7e5d491f99a0ec986b8daace', 'getInstanceMonitorValueList', '查询设备实时监控值getInstanceMonitorValueList', 'API接口', '96603733-5793-11ea-ab96-fa163e982f89', '5245ed1b-6345-11e', '查询设备实时监控值，提供给监控', '0');
INSERT INTO `cmdb_v3_condication_setting_relation` (`id`, `condication_setting_id`, `code_id`, `default_value`, `operate_type`, `is_require`, `sort_index`, `is_delete`) VALUES ('3e916599c8e148a18502f2bc1355785d', '7c1c2bf267494c8d98a162b9786727dd', '067f1d8e261944a68c2121cf6f305871', '', '=', '1', '4', '0');
INSERT INTO `cmdb_v3_condication_setting_relation` (`id`, `condication_setting_id`, `code_id`, `default_value`, `operate_type`, `is_require`, `sort_index`, `is_delete`) VALUES ('efdf9b7fe1124480845901a850fa3c33', '7c1c2bf267494c8d98a162b9786727dd', '19237787568011e998180242ac110001', '', '=', '1', '6', '0');
INSERT INTO `cmdb_v3_condication_setting_relation` (`id`, `condication_setting_id`, `code_id`, `default_value`, `operate_type`, `is_require`, `sort_index`, `is_delete`) VALUES ('00606c5c83c24ee1bb9e962036fcc2f9', '7c1c2bf267494c8d98a162b9786727dd', '192383ff568011e998180242ac110001', '', '=', '1', '2', '0');
INSERT INTO `cmdb_v3_condication_setting_relation` (`id`, `condication_setting_id`, `code_id`, `default_value`, `operate_type`, `is_require`, `sort_index`, `is_delete`) VALUES ('df3809bad57242dfb82187edd7cf20df', '7c1c2bf267494c8d98a162b9786727dd', '1923891c568011e998180242ac110001', '', '=', '1', '7', '0');
INSERT INTO `cmdb_v3_condication_setting_relation` (`id`, `condication_setting_id`, `code_id`, `default_value`, `operate_type`, `is_require`, `sort_index`, `is_delete`) VALUES ('0f99661ded95401abc2c80583f97565d', '7c1c2bf267494c8d98a162b9786727dd', '19238e5c568011e998180242ac110001', '', '=', '1', '3', '0');
INSERT INTO `cmdb_v3_condication_setting_relation` (`id`, `condication_setting_id`, `code_id`, `default_value`, `operate_type`, `is_require`, `sort_index`, `is_delete`) VALUES ('5e9cbfdcdaa946fda6a28714d832bf9f', '7c1c2bf267494c8d98a162b9786727dd', '1923b340568011e998180242ac110001', '', 'like', '1', '8', '0');
INSERT INTO `cmdb_v3_condication_setting_relation` (`id`, `condication_setting_id`, `code_id`, `default_value`, `operate_type`, `is_require`, `sort_index`, `is_delete`) VALUES ('674a54066be542d0b66fb1cda5a68fdf', '7c1c2bf267494c8d98a162b9786727dd', '1923b99c568011e998180242ac110001', '', '=', '1', '1', '0');
INSERT INTO `cmdb_v3_condication_setting_relation` (`id`, `condication_setting_id`, `code_id`, `default_value`, `operate_type`, `is_require`, `sort_index`, `is_delete`) VALUES ('ef8df5543dad4e4ead8f54efb609cd4d', '7c1c2bf267494c8d98a162b9786727dd', '1923bf6f568011e998180242ac110001', '', '=', '1', '5', '0');
INSERT INTO `cmdb_v3_condication_setting_relation` (`id`, `condication_setting_id`, `code_id`, `default_value`, `operate_type`, `is_require`, `sort_index`, `is_delete`) VALUES ('0ae90216734244ed9f24b736a5e24fa7', 'fa872a4a7e5d491f99a0ec986b8daace', '067f1d8e261944a68c2121cf6f305871', '', '=', '1', '5', '0');
INSERT INTO `cmdb_v3_condication_setting_relation` (`id`, `condication_setting_id`, `code_id`, `default_value`, `operate_type`, `is_require`, `sort_index`, `is_delete`) VALUES ('8e0ad263f8084b1fb331790f4278ee75', 'fa872a4a7e5d491f99a0ec986b8daace', '19237787568011e998180242ac110001', '', '=', '1', '4', '0');
INSERT INTO `cmdb_v3_condication_setting_relation` (`id`, `condication_setting_id`, `code_id`, `default_value`, `operate_type`, `is_require`, `sort_index`, `is_delete`) VALUES ('8c43e3d622a04f83ad2e916a6ad6c88b', 'fa872a4a7e5d491f99a0ec986b8daace', '192383ff568011e998180242ac110001', '', '=', '1', '2', '0');
INSERT INTO `cmdb_v3_condication_setting_relation` (`id`, `condication_setting_id`, `code_id`, `default_value`, `operate_type`, `is_require`, `sort_index`, `is_delete`) VALUES ('3b7391cefe94425b9abe6b187941e791', 'fa872a4a7e5d491f99a0ec986b8daace', '1923891c568011e998180242ac110001', '', '=', '1', '6', '0');
INSERT INTO `cmdb_v3_condication_setting_relation` (`id`, `condication_setting_id`, `code_id`, `default_value`, `operate_type`, `is_require`, `sort_index`, `is_delete`) VALUES ('9c4735df1f464967875d2fb76664467a', 'fa872a4a7e5d491f99a0ec986b8daace', '1923b340568011e998180242ac110001', '', 'like', '1', '7', '0');
INSERT INTO `cmdb_v3_condication_setting_relation` (`id`, `condication_setting_id`, `code_id`, `default_value`, `operate_type`, `is_require`, `sort_index`, `is_delete`) VALUES ('9b03820874bf48d09b433d75d069ffe1', 'fa872a4a7e5d491f99a0ec986b8daace', '1923b99c568011e998180242ac110001', '', '=', '1', '1', '0');
INSERT INTO `cmdb_v3_condication_setting_relation` (`id`, `condication_setting_id`, `code_id`, `default_value`, `operate_type`, `is_require`, `sort_index`, `is_delete`) VALUES ('00a1674766ec4482bbb5c073ee8d8399', 'fa872a4a7e5d491f99a0ec986b8daace', '1923bf6f568011e998180242ac110001', '', '=', '1', '3', '0');
INSERT INTO `cmdb_v3_condication_sort_relation` (`id`, `condication_setting_id`, `code_id`, `sort_type`, `sort_index`, `is_delete`) VALUES ('dd4d5b1b26d344bd90344cbda2243dc3', 'fa872a4a7e5d491f99a0ec986b8daace', '1923891c568011e998180242ac110001', 'ASC', '1', '0');
INSERT INTO `cmdb_sql_source` (`id`, `name`, `need_auth`, `auth_module`, `chart_type`, `chart_title`, `chart_sql`, `describe`) VALUES ('fc943e6d-eccb-11ea-a4de-0242ac110003', 'alert_resource_effi_query_biz_concat', '1', '主机资源', NULL, NULL, 'select * from cmdb_business_quota where 1=1\r\n<if test=\"bizSystem != null and bizSystem !=\'\'\">\r\n  and owner_biz_system=#{bizSystem}\r\n</if>\r\n<if test=\"idcType != null and idcType !=\'\'\">\r\n  and idcType=#{idcType}\r\n</if>\r\n<if test=\"pod_name != null and pod_name != \'\'\">\r\n  and pod=#{pod_name}\r\n</if>', '提供告警-资源性能页面查询业务联系人信息');
ALTER TABLE `cmdb_collect_approval` ADD COLUMN `approval_type` VARCHAR (40) NOT NULL COMMENT '审批类型(add, update, delete)' AFTER `approval_status`;

insert into t_cfg_dict values (UUID(), '0', '核', '核', 'bills_price_unit', null, '单价单位', '1', null, null, null);
insert into t_cfg_dict values (UUID(), '0', 'TB', 'TB', 'bills_price_unit', null, '单价单位', '1', null, null, null);
insert into t_cfg_dict values (UUID(), '0', 'GB', 'GB', 'bills_price_unit', null, '单价单位', '1', null, null, null);
insert into t_cfg_dict values (UUID(), '0', '台', '台', 'bills_price_unit', null, '单价单位', '1', null, null, null);
insert into t_cfg_dict values (UUID(), '0', '颗', '颗', 'bills_price_unit', null, '单价单位', '1', null, null, null);
insert into cmdb_dict select id, '3b30d3f751924c2e89cd15c16e3d92e2', '系统管理员', now(), '系统管理员', now(), '0', '数据字典' from 
t_cfg_dict where col_name = 'bills_price_unit';