-- ----------------------------
-- Records of resource_schema
-- ----------------------------
INSERT INTO `resource_schema` VALUES ('*', 't', '2017-07-17 22:10:52.000000');
INSERT INTO `resource_schema` VALUES ('alarm', 'f', '2017-07-17 22:10:52.000000');
INSERT INTO `resource_schema` VALUES ('application', 'f', '2017-07-17 22:10:52.000000');
INSERT INTO `resource_schema` VALUES ('application_template', 'f', '2017-07-17 22:10:52.000000');
INSERT INTO `resource_schema` VALUES ('build_config', 'f', '2017-07-17 22:10:52.000000');
INSERT INTO `resource_schema` VALUES ('build_history', 'f', '2017-07-17 22:10:52.000000');
INSERT INTO `resource_schema` VALUES ('certificate', 'f', '2017-07-17 22:10:53.000000');
INSERT INTO `resource_schema` VALUES ('cloud_account', 'f', '2017-07-17 22:10:52.000000');
INSERT INTO `resource_schema` VALUES ('cloud_instance', 'f', '2017-07-17 22:10:52.000000');
INSERT INTO `resource_schema` VALUES ('cluster', 'f', '2017-07-17 22:10:52.000000');
INSERT INTO `resource_schema` VALUES ('cluster_node', 'f', '2017-07-17 22:10:52.000000');
INSERT INTO `resource_schema` VALUES ('configuration_file', 'f', '2017-07-17 22:10:52.000000');
INSERT INTO `resource_schema` VALUES ('dashboard', 'f', '2017-07-17 22:10:52.000000');
INSERT INTO `resource_schema` VALUES ('dashboard_panel', 'f', '2017-07-17 22:10:52.000000');
INSERT INTO `resource_schema` VALUES ('env_file', 'f', '2017-07-17 22:10:52.000000');
INSERT INTO `resource_schema` VALUES ('event', 'f', '2017-07-17 22:10:52.000000');
INSERT INTO `resource_schema` VALUES ('integration', 'f', '2017-07-17 22:10:52.000000');
INSERT INTO `resource_schema` VALUES ('ip', 'f', '2017-07-17 22:10:52.000000');
INSERT INTO `resource_schema` VALUES ('job_config', 'f', '2017-07-17 22:10:53.000000');
INSERT INTO `resource_schema` VALUES ('job_history', 'f', '2017-07-17 22:10:53.000000');
INSERT INTO `resource_schema` VALUES ('knamespace', 'f', '2017-07-17 22:10:52.000000');
INSERT INTO `resource_schema` VALUES ('load_balancer', 'f', '2017-07-17 22:10:52.000000');
INSERT INTO `resource_schema` VALUES ('log_filter', 'f', '2017-07-17 22:10:52.000000');
INSERT INTO `resource_schema` VALUES ('notification', 'f', '2017-07-17 22:10:52.000000');
INSERT INTO `resource_schema` VALUES ('organization', 'f', '2017-07-17 22:10:52.000000');
INSERT INTO `resource_schema` VALUES ('pipeline_config', 'f', '2017-07-17 22:10:52.000000');
INSERT INTO `resource_schema` VALUES ('pipeline_history', 'f', '2017-07-17 22:10:52.000000');
INSERT INTO `resource_schema` VALUES ('pipeline_task', 'f', '2017-07-17 22:10:52.000000');
INSERT INTO `resource_schema` VALUES ('private_ip', 'f', '2017-07-17 22:10:52.000000');
INSERT INTO `resource_schema` VALUES ('project', 'f', '2017-07-17 22:10:52.000000');
INSERT INTO `resource_schema` VALUES ('project_template', 'f', '2017-07-17 22:10:52.000000');
INSERT INTO `resource_schema` VALUES ('registry', 'f', '2017-07-17 22:10:52.000000');
INSERT INTO `resource_schema` VALUES ('registry_project', 'f', '2017-07-17 22:10:52.000000');
INSERT INTO `resource_schema` VALUES ('repository', 'f', '2017-07-17 22:10:52.000000');
INSERT INTO `resource_schema` VALUES ('role', 'f', '2017-07-17 22:10:52.000000');
INSERT INTO `resource_schema` VALUES ('service', 'f', '2017-07-17 22:10:52.000000');
INSERT INTO `resource_schema` VALUES ('snapshot', 'f', '2017-07-17 22:10:52.000000');
INSERT INTO `resource_schema` VALUES ('space', 'f', '2017-07-17 22:10:52.000000');
INSERT INTO `resource_schema` VALUES ('subaccount', 'f', '2017-07-17 22:10:52.000000');
INSERT INTO `resource_schema` VALUES ('subnet', 'f', '2017-07-17 22:10:52.000000');
INSERT INTO `resource_schema` VALUES ('sync_config', 'f', '2017-07-17 22:10:52.000000');
INSERT INTO `resource_schema` VALUES ('sync_history', 'f', '2017-07-17 22:10:52.000000');
INSERT INTO `resource_schema` VALUES ('volume', 'f', '2017-07-17 22:10:52.000000');
INSERT INTO `resource_schema` VALUES ('zuul_config', 'f', '2017-07-17 22:10:52.000000');
INSERT INTO `resource_schema` VALUES ('hystrix', 'f', '2017-07-17 22:10:52.000000');
INSERT INTO `resource_schema` VALUES ('redis', 'f', '2017-07-17 22:10:52.000000');
INSERT INTO `resource_schema` VALUES ('kafka', 'f', '2017-07-17 22:10:52.000000');
INSERT INTO `resource_schema` VALUES ('zipkin', 'f', '2017-07-17 22:10:52.000000');
INSERT INTO `resource_schema` VALUES ('eureka', 'f', '2017-07-17 22:10:52.000000');
INSERT INTO `resource_schema` VALUES ('sms_filter', 'f', '2017-07-17 22:10:52.000000');

-- ----------------------------
-- Records of resource_schema_actions
-- ----------------------------
INSERT INTO `resource_schema_actions` VALUES ('*', '*:*');
INSERT INTO `resource_schema_actions` VALUES ('*', '*:clear');
INSERT INTO `resource_schema_actions` VALUES ('*', '*:consume');
INSERT INTO `resource_schema_actions` VALUES ('*', '*:create');
INSERT INTO `resource_schema_actions` VALUES ('*', '*:delete');
INSERT INTO `resource_schema_actions` VALUES ('*', '*:deploy');
INSERT INTO `resource_schema_actions` VALUES ('*', '*:mount');
INSERT INTO `resource_schema_actions` VALUES ('*', '*:start');
INSERT INTO `resource_schema_actions` VALUES ('*', '*:stop');
INSERT INTO `resource_schema_actions` VALUES ('*', '*:trigger');
INSERT INTO `resource_schema_actions` VALUES ('*', '*:update');
INSERT INTO `resource_schema_actions` VALUES ('*', '*:view');
INSERT INTO `resource_schema_actions` VALUES ('alarm', 'alarm:create');
INSERT INTO `resource_schema_actions` VALUES ('alarm', 'alarm:delete');
INSERT INTO `resource_schema_actions` VALUES ('alarm', 'alarm:update');
INSERT INTO `resource_schema_actions` VALUES ('alarm', 'alarm:view');
INSERT INTO `resource_schema_actions` VALUES ('application', 'application:create');
INSERT INTO `resource_schema_actions` VALUES ('application', 'application:delete');
INSERT INTO `resource_schema_actions` VALUES ('application', 'application:start');
INSERT INTO `resource_schema_actions` VALUES ('application', 'application:stop');
INSERT INTO `resource_schema_actions` VALUES ('application', 'application:update');
INSERT INTO `resource_schema_actions` VALUES ('application', 'application:view');
INSERT INTO `resource_schema_actions` VALUES ('application_template', 'application_template:create');
INSERT INTO `resource_schema_actions` VALUES ('application_template', 'application_template:delete');
INSERT INTO `resource_schema_actions` VALUES ('application_template', 'application_template:update');
INSERT INTO `resource_schema_actions` VALUES ('application_template', 'application_template:view');
INSERT INTO `resource_schema_actions` VALUES ('build_config', 'build_config:create');
INSERT INTO `resource_schema_actions` VALUES ('build_config', 'build_config:delete');
INSERT INTO `resource_schema_actions` VALUES ('build_config', 'build_config:trigger');
INSERT INTO `resource_schema_actions` VALUES ('build_config', 'build_config:update');
INSERT INTO `resource_schema_actions` VALUES ('build_config', 'build_config:view');
INSERT INTO `resource_schema_actions` VALUES ('build_history', 'build_history:delete');
INSERT INTO `resource_schema_actions` VALUES ('build_history', 'build_history:view');
INSERT INTO `resource_schema_actions` VALUES ('certificate', 'certificate:bind');
INSERT INTO `resource_schema_actions` VALUES ('certificate', 'certificate:create');
INSERT INTO `resource_schema_actions` VALUES ('certificate', 'certificate:delete');
INSERT INTO `resource_schema_actions` VALUES ('certificate', 'certificate:release');
INSERT INTO `resource_schema_actions` VALUES ('certificate', 'certificate:view');
INSERT INTO `resource_schema_actions` VALUES ('cloud_account', 'cloud_account:create');
INSERT INTO `resource_schema_actions` VALUES ('cloud_account', 'cloud_account:delete');
INSERT INTO `resource_schema_actions` VALUES ('cloud_account', 'cloud_account:sync');
INSERT INTO `resource_schema_actions` VALUES ('cloud_account', 'cloud_account:update');
INSERT INTO `resource_schema_actions` VALUES ('cloud_account', 'cloud_account:view');
INSERT INTO `resource_schema_actions` VALUES ('cloud_instance', 'cloud_instance:create');
INSERT INTO `resource_schema_actions` VALUES ('cloud_instance', 'cloud_instance:view');
INSERT INTO `resource_schema_actions` VALUES ('cluster', 'cluster:clear');
INSERT INTO `resource_schema_actions` VALUES ('cluster', 'cluster:create');
INSERT INTO `resource_schema_actions` VALUES ('cluster', 'cluster:delete');
INSERT INTO `resource_schema_actions` VALUES ('cluster', 'cluster:deploy');
INSERT INTO `resource_schema_actions` VALUES ('cluster', 'cluster:update');
INSERT INTO `resource_schema_actions` VALUES ('cluster', 'cluster:view');
INSERT INTO `resource_schema_actions` VALUES ('cluster_node', 'cluster_node:clear');
INSERT INTO `resource_schema_actions` VALUES ('cluster_node', 'cluster_node:create');
INSERT INTO `resource_schema_actions` VALUES ('cluster_node', 'cluster_node:delete');
INSERT INTO `resource_schema_actions` VALUES ('cluster_node', 'cluster_node:deploy');
INSERT INTO `resource_schema_actions` VALUES ('cluster_node', 'cluster_node:start');
INSERT INTO `resource_schema_actions` VALUES ('cluster_node', 'cluster_node:stop');
INSERT INTO `resource_schema_actions` VALUES ('cluster_node', 'cluster_node:view');
INSERT INTO `resource_schema_actions` VALUES ('configuration_file', 'configuration_file:create');
INSERT INTO `resource_schema_actions` VALUES ('configuration_file', 'configuration_file:delete');
INSERT INTO `resource_schema_actions` VALUES ('configuration_file', 'configuration_file:update');
INSERT INTO `resource_schema_actions` VALUES ('configuration_file', 'configuration_file:view');
INSERT INTO `resource_schema_actions` VALUES ('dashboard', 'dashboard:create');
INSERT INTO `resource_schema_actions` VALUES ('dashboard', 'dashboard:delete');
INSERT INTO `resource_schema_actions` VALUES ('dashboard', 'dashboard:update');
INSERT INTO `resource_schema_actions` VALUES ('dashboard', 'dashboard:view');
INSERT INTO `resource_schema_actions` VALUES ('dashboard_panel', 'dashboard_panel:create');
INSERT INTO `resource_schema_actions` VALUES ('dashboard_panel', 'dashboard_panel:delete');
INSERT INTO `resource_schema_actions` VALUES ('dashboard_panel', 'dashboard_panel:update');
INSERT INTO `resource_schema_actions` VALUES ('dashboard_panel', 'dashboard_panel:view');
INSERT INTO `resource_schema_actions` VALUES ('env_file', 'env_file:create');
INSERT INTO `resource_schema_actions` VALUES ('env_file', 'env_file:delete');
INSERT INTO `resource_schema_actions` VALUES ('env_file', 'env_file:update');
INSERT INTO `resource_schema_actions` VALUES ('env_file', 'env_file:view');
INSERT INTO `resource_schema_actions` VALUES ('event', 'event:view');
INSERT INTO `resource_schema_actions` VALUES ('ip', 'ip:bind');
INSERT INTO `resource_schema_actions` VALUES ('ip', 'ip:create');
INSERT INTO `resource_schema_actions` VALUES ('ip', 'ip:delete');
INSERT INTO `resource_schema_actions` VALUES ('ip', 'ip:release');
INSERT INTO `resource_schema_actions` VALUES ('ip', 'ip:view');
INSERT INTO `resource_schema_actions` VALUES ('job_config', 'job_config:create');
INSERT INTO `resource_schema_actions` VALUES ('job_config', 'job_config:delete');
INSERT INTO `resource_schema_actions` VALUES ('job_config', 'job_config:trigger');
INSERT INTO `resource_schema_actions` VALUES ('job_config', 'job_config:update');
INSERT INTO `resource_schema_actions` VALUES ('job_config', 'job_config:view');
INSERT INTO `resource_schema_actions` VALUES ('job_history', 'job_history:delete');
INSERT INTO `resource_schema_actions` VALUES ('job_history', 'job_history:stop');
INSERT INTO `resource_schema_actions` VALUES ('job_history', 'job_history:view');
INSERT INTO `resource_schema_actions` VALUES ('load_balancer', 'load_balancer:bind');
INSERT INTO `resource_schema_actions` VALUES ('load_balancer', 'load_balancer:create');
INSERT INTO `resource_schema_actions` VALUES ('load_balancer', 'load_balancer:delete');
INSERT INTO `resource_schema_actions` VALUES ('load_balancer', 'load_balancer:release');
INSERT INTO `resource_schema_actions` VALUES ('load_balancer', 'load_balancer:set_domain_suffix');
INSERT INTO `resource_schema_actions` VALUES ('load_balancer', 'load_balancer:update');
INSERT INTO `resource_schema_actions` VALUES ('load_balancer', 'load_balancer:view');
INSERT INTO `resource_schema_actions` VALUES ('notification', 'notification:create');
INSERT INTO `resource_schema_actions` VALUES ('notification', 'notification:delete');
INSERT INTO `resource_schema_actions` VALUES ('notification', 'notification:update');
INSERT INTO `resource_schema_actions` VALUES ('notification', 'notification:view');
INSERT INTO `resource_schema_actions` VALUES ('organization', 'organization:sync_users');
INSERT INTO `resource_schema_actions` VALUES ('organization', 'organization:update');
INSERT INTO `resource_schema_actions` VALUES ('organization', 'organization:view');
INSERT INTO `resource_schema_actions` VALUES ('pipeline_config', 'pipeline_config:create');
INSERT INTO `resource_schema_actions` VALUES ('pipeline_config', 'pipeline_config:delete');
INSERT INTO `resource_schema_actions` VALUES ('pipeline_config', 'pipeline_config:trigger');
INSERT INTO `resource_schema_actions` VALUES ('pipeline_config', 'pipeline_config:update');
INSERT INTO `resource_schema_actions` VALUES ('pipeline_config', 'pipeline_config:view');
INSERT INTO `resource_schema_actions` VALUES ('pipeline_history', 'pipeline_history:delete');
INSERT INTO `resource_schema_actions` VALUES ('pipeline_history', 'pipeline_history:stop');
INSERT INTO `resource_schema_actions` VALUES ('pipeline_history', 'pipeline_history:view');
INSERT INTO `resource_schema_actions` VALUES ('pipeline_task', 'pipeline_task:control');
INSERT INTO `resource_schema_actions` VALUES ('pipeline_task', 'pipeline_task:view');
INSERT INTO `resource_schema_actions` VALUES ('private_ip', 'private_ip:create');
INSERT INTO `resource_schema_actions` VALUES ('private_ip', 'private_ip:delete');
INSERT INTO `resource_schema_actions` VALUES ('private_ip', 'private_ip:view');
INSERT INTO `resource_schema_actions` VALUES ('project_template', 'project_template:create');
INSERT INTO `resource_schema_actions` VALUES ('project_template', 'project_template:delete');
INSERT INTO `resource_schema_actions` VALUES ('project_template', 'project_template:view');
INSERT INTO `resource_schema_actions` VALUES ('registry', 'registry:create');
INSERT INTO `resource_schema_actions` VALUES ('registry', 'registry:delete');
INSERT INTO `resource_schema_actions` VALUES ('registry', 'registry:view');
INSERT INTO `resource_schema_actions` VALUES ('registry_project', 'registry_project:create');
INSERT INTO `resource_schema_actions` VALUES ('registry_project', 'registry_project:delete');
INSERT INTO `resource_schema_actions` VALUES ('registry_project', 'registry_project:view');
INSERT INTO `resource_schema_actions` VALUES ('repository', 'repository:create');
INSERT INTO `resource_schema_actions` VALUES ('repository', 'repository:delete');
INSERT INTO `resource_schema_actions` VALUES ('repository', 'repository:pull');
INSERT INTO `resource_schema_actions` VALUES ('repository', 'repository:push');
INSERT INTO `resource_schema_actions` VALUES ('repository', 'repository:update');
INSERT INTO `resource_schema_actions` VALUES ('repository', 'repository:view');
INSERT INTO `resource_schema_actions` VALUES ('role', 'role:assign');
INSERT INTO `resource_schema_actions` VALUES ('role', 'role:create');
INSERT INTO `resource_schema_actions` VALUES ('role', 'role:delete');
INSERT INTO `resource_schema_actions` VALUES ('role', 'role:revoke');
INSERT INTO `resource_schema_actions` VALUES ('role', 'role:update');
INSERT INTO `resource_schema_actions` VALUES ('role', 'role:view');
INSERT INTO `resource_schema_actions` VALUES ('service', 'service:create');
INSERT INTO `resource_schema_actions` VALUES ('service', 'service:delete');
INSERT INTO `resource_schema_actions` VALUES ('service', 'service:start');
INSERT INTO `resource_schema_actions` VALUES ('service', 'service:stop');
INSERT INTO `resource_schema_actions` VALUES ('service', 'service:update');
INSERT INTO `resource_schema_actions` VALUES ('service', 'service:view');
INSERT INTO `resource_schema_actions` VALUES ('snapshot', 'snapshot:create');
INSERT INTO `resource_schema_actions` VALUES ('snapshot', 'snapshot:delete');
INSERT INTO `resource_schema_actions` VALUES ('snapshot', 'snapshot:view');
INSERT INTO `resource_schema_actions` VALUES ('space', 'space:consume');
INSERT INTO `resource_schema_actions` VALUES ('space', 'space:create');
INSERT INTO `resource_schema_actions` VALUES ('space', 'space:delete');
INSERT INTO `resource_schema_actions` VALUES ('space', 'space:update');
INSERT INTO `resource_schema_actions` VALUES ('space', 'space:view');
INSERT INTO `resource_schema_actions` VALUES ('subaccount', 'subaccount:create');
INSERT INTO `resource_schema_actions` VALUES ('subaccount', 'subaccount:delete');
INSERT INTO `resource_schema_actions` VALUES ('subaccount', 'subaccount:update_password');
INSERT INTO `resource_schema_actions` VALUES ('subaccount', 'subaccount:view');
INSERT INTO `resource_schema_actions` VALUES ('subaccount', 'subaccount:update');
INSERT INTO `resource_schema_actions` VALUES ('subnet', 'subnet:clear');
INSERT INTO `resource_schema_actions` VALUES ('subnet', 'subnet:create');
INSERT INTO `resource_schema_actions` VALUES ('subnet', 'subnet:delete');
INSERT INTO `resource_schema_actions` VALUES ('subnet', 'subnet:update');
INSERT INTO `resource_schema_actions` VALUES ('subnet', 'subnet:view');
INSERT INTO `resource_schema_actions` VALUES ('sync_config', 'sync_config:create');
INSERT INTO `resource_schema_actions` VALUES ('sync_config', 'sync_config:delete');
INSERT INTO `resource_schema_actions` VALUES ('sync_config', 'sync_config:trigger');
INSERT INTO `resource_schema_actions` VALUES ('sync_config', 'sync_config:update');
INSERT INTO `resource_schema_actions` VALUES ('sync_config', 'sync_config:view');
INSERT INTO `resource_schema_actions` VALUES ('sync_history', 'sync_history:delete');
INSERT INTO `resource_schema_actions` VALUES ('sync_history', 'sync_history:view');
INSERT INTO `resource_schema_actions` VALUES ('volume', 'volume:create');
INSERT INTO `resource_schema_actions` VALUES ('volume', 'volume:delete');
INSERT INTO `resource_schema_actions` VALUES ('volume', 'volume:mount');
INSERT INTO `resource_schema_actions` VALUES ('volume', 'volume:view');
INSERT INTO `resource_schema_actions` VALUES ('*', '*:bind');
INSERT INTO `resource_schema_actions` VALUES ('*', '*:release');
INSERT INTO `resource_schema_actions` VALUES ('knamespace', 'knamespace:bind');
INSERT INTO `resource_schema_actions` VALUES ('knamespace', 'knamespace:release');
INSERT INTO `resource_schema_actions` VALUES ('knamespace', 'knamespace:create');
INSERT INTO `resource_schema_actions` VALUES ('knamespace', 'knamespace:delete');
INSERT INTO `resource_schema_actions` VALUES ('knamespace', 'knamespace:update');
INSERT INTO `resource_schema_actions` VALUES ('knamespace', 'knamespace:view');
INSERT INTO `resource_schema_actions` VALUES ('project', 'project:create');
INSERT INTO `resource_schema_actions` VALUES ('project', 'project:delete');
INSERT INTO `resource_schema_actions` VALUES ('project', 'project:update');
INSERT INTO `resource_schema_actions` VALUES ('project', 'project:view');
INSERT INTO `resource_schema_actions` VALUES ('registry_project', 'registry_project:bind');
INSERT INTO `resource_schema_actions` VALUES ('registry_project', 'registry_project:release');
INSERT INTO `resource_schema_actions` VALUES ('log_filter', 'log_filter:delete');
INSERT INTO `resource_schema_actions` VALUES ('log_filter', 'log_filter:update');
INSERT INTO `resource_schema_actions` VALUES ('log_filter', 'log_filter:view');
INSERT INTO `resource_schema_actions` VALUES ('log_filter', 'log_filter:create');
INSERT INTO `resource_schema_actions` VALUES ('cluster_node', 'cluster_node:update');
INSERT INTO `resource_schema_actions` VALUES ('repository', 'repository:trigger_scan');
INSERT INTO `resource_schema_actions` VALUES ('integration', 'integration:create');
INSERT INTO `resource_schema_actions` VALUES ('integration', 'integration:delete');
INSERT INTO `resource_schema_actions` VALUES ('integration', 'integration:update');
INSERT INTO `resource_schema_actions` VALUES ('integration', 'integration:view');
INSERT INTO `resource_schema_actions` VALUES ('zuul_config', 'zuul_config:update');
INSERT INTO `resource_schema_actions` VALUES ('zuul_config', 'zuul_config:view');
INSERT INTO `resource_schema_actions` VALUES ('eureka', 'eureka:view');
INSERT INTO `resource_schema_actions` VALUES ('hystrix', 'hystrix:view');
INSERT INTO `resource_schema_actions` VALUES ('kafka', 'kafka:view');
INSERT INTO `resource_schema_actions` VALUES ('redis', 'redis:view');
INSERT INTO `resource_schema_actions` VALUES ('sms_filter', 'sms_filter:view');
INSERT INTO `resource_schema_actions` VALUES ('zipkin', 'zipkin:view');
-- ----------------------------
-- Records of resource_schema_constraints
-- ----------------------------
INSERT INTO `resource_schema_constraints` VALUES ('alarm', 'res:project', 'name');
INSERT INTO `resource_schema_constraints` VALUES ('alarm', 'res:space', 'name');
INSERT INTO `resource_schema_constraints` VALUES ('application', 'res:cluster', 'name');
INSERT INTO `resource_schema_constraints` VALUES ('application', 'res:project', 'name');
INSERT INTO `resource_schema_constraints` VALUES ('application', 'res:knamespace', 'name');
INSERT INTO `resource_schema_constraints` VALUES ('application_template', 'res:project', 'name');
INSERT INTO `resource_schema_constraints` VALUES ('application_template', 'res:knamespace', 'name');
INSERT INTO `resource_schema_constraints` VALUES ('build_config', 'res:cluster', 'name');
INSERT INTO `resource_schema_constraints` VALUES ('build_config', 'res:project', 'name');
INSERT INTO `resource_schema_constraints` VALUES ('build_config', 'res:space', 'name');
INSERT INTO `resource_schema_constraints` VALUES ('build_history', 'res:build_config', 'name');
INSERT INTO `resource_schema_constraints` VALUES ('build_history', 'res:project', 'name');
INSERT INTO `resource_schema_constraints` VALUES ('build_history', 'res:space', 'name');
INSERT INTO `resource_schema_constraints` VALUES ('certificate', 'res:load_balancer', 'name');
INSERT INTO `resource_schema_constraints` VALUES ('certificate', 'res:project', 'name');
INSERT INTO `resource_schema_constraints` VALUES ('certificate', 'res:space', 'name');
INSERT INTO `resource_schema_constraints` VALUES ('cloud_instance', 'res:cloud_account', 'name');
INSERT INTO `resource_schema_constraints` VALUES ('cluster_node', 'res:cluster', 'name');
INSERT INTO `resource_schema_constraints` VALUES ('configuration_file', 'res:project', 'name');
INSERT INTO `resource_schema_constraints` VALUES ('configuration_file', 'res:space', 'name');
INSERT INTO `resource_schema_constraints` VALUES ('dashboard', 'res:project', 'name');
INSERT INTO `resource_schema_constraints` VALUES ('dashboard', 'res:space', 'name');
INSERT INTO `resource_schema_constraints` VALUES ('dashboard_panel', 'res:dashboard', 'name');
INSERT INTO `resource_schema_constraints` VALUES ('dashboard_panel', 'res:project', 'name');
INSERT INTO `resource_schema_constraints` VALUES ('dashboard_panel', 'res:space', 'name');
INSERT INTO `resource_schema_constraints` VALUES ('env_file', 'res:project', 'name');
INSERT INTO `resource_schema_constraints` VALUES ('env_file', 'res:space', 'name');
INSERT INTO `resource_schema_constraints` VALUES ('ip', 'res:cluster', 'name');
INSERT INTO `resource_schema_constraints` VALUES ('ip', 'res:project', 'name');
INSERT INTO `resource_schema_constraints` VALUES ('ip', 'res:space', 'name');
INSERT INTO `resource_schema_constraints` VALUES ('job_config', 'res:cluster', 'name');
INSERT INTO `resource_schema_constraints` VALUES ('job_config', 'res:project', 'name');
INSERT INTO `resource_schema_constraints` VALUES ('job_config', 'res:space', 'name');
INSERT INTO `resource_schema_constraints` VALUES ('job_history', 'res:job_config', 'name');
INSERT INTO `resource_schema_constraints` VALUES ('load_balancer', 'res:cluster', 'name');
INSERT INTO `resource_schema_constraints` VALUES ('load_balancer', 'res:project', 'name');
INSERT INTO `resource_schema_constraints` VALUES ('load_balancer', 'res:space', 'name');
INSERT INTO `resource_schema_constraints` VALUES ('pipeline_config', 'res:project', 'name');
INSERT INTO `resource_schema_constraints` VALUES ('pipeline_config', 'res:space', 'name');
INSERT INTO `resource_schema_constraints` VALUES ('pipeline_history', 'res:pipeline_config', 'name');
INSERT INTO `resource_schema_constraints` VALUES ('pipeline_history', 'res:project', 'name');
INSERT INTO `resource_schema_constraints` VALUES ('pipeline_history', 'res:space', 'name');
INSERT INTO `resource_schema_constraints` VALUES ('pipeline_task', 'res:pipeline_config', 'name');
INSERT INTO `resource_schema_constraints` VALUES ('pipeline_task', 'res:pipeline_task_type', 'type');
INSERT INTO `resource_schema_constraints` VALUES ('pipeline_task', 'res:project', 'name');
INSERT INTO `resource_schema_constraints` VALUES ('pipeline_task', 'res:space', 'name');
INSERT INTO `resource_schema_constraints` VALUES ('private_ip', 'res:cluster', 'name');
INSERT INTO `resource_schema_constraints` VALUES ('private_ip', 'res:project', 'name');
INSERT INTO `resource_schema_constraints` VALUES ('private_ip', 'res:space', 'name');
INSERT INTO `resource_schema_constraints` VALUES ('private_ip', 'res:subnet', 'name');
INSERT INTO `resource_schema_constraints` VALUES ('registry', 'res:cluster', 'name');
INSERT INTO `resource_schema_constraints` VALUES ('registry_project', 'res:project', 'name');
INSERT INTO `resource_schema_constraints` VALUES ('registry_project', 'res:registry', 'name');
INSERT INTO `resource_schema_constraints` VALUES ('repository', 'res:project', 'name');
INSERT INTO `resource_schema_constraints` VALUES ('repository', 'res:registry', 'name');
INSERT INTO `resource_schema_constraints` VALUES ('repository', 'res:registry_project', 'name');
INSERT INTO `resource_schema_constraints` VALUES ('role', 'res:project', 'name');
INSERT INTO `resource_schema_constraints` VALUES ('role', 'res:subaccount', 'username');
INSERT INTO `resource_schema_constraints` VALUES ('service', 'res:application', 'name');
INSERT INTO `resource_schema_constraints` VALUES ('service', 'res:cluster', 'name');
INSERT INTO `resource_schema_constraints` VALUES ('service', 'res:project', 'name');
INSERT INTO `resource_schema_constraints` VALUES ('service', 'res:knamespace', 'name');
INSERT INTO `resource_schema_constraints` VALUES ('snapshot', 'res:cluster', 'name');
INSERT INTO `resource_schema_constraints` VALUES ('snapshot', 'res:project', 'name');
INSERT INTO `resource_schema_constraints` VALUES ('snapshot', 'res:space', 'name');
INSERT INTO `resource_schema_constraints` VALUES ('snapshot', 'res:volume', 'name');
INSERT INTO `resource_schema_constraints` VALUES ('space', 'res:project', 'name');
INSERT INTO `resource_schema_constraints` VALUES ('subnet', 'res:cluster', 'name');
INSERT INTO `resource_schema_constraints` VALUES ('subnet', 'res:project', 'name');
INSERT INTO `resource_schema_constraints` VALUES ('subnet', 'res:space', 'name');
INSERT INTO `resource_schema_constraints` VALUES ('sync_config', 'res:project', 'name');
INSERT INTO `resource_schema_constraints` VALUES ('sync_config', 'res:space', 'name');
INSERT INTO `resource_schema_constraints` VALUES ('sync_history', 'res:project', 'name');
INSERT INTO `resource_schema_constraints` VALUES ('sync_history', 'res:space', 'name');
INSERT INTO `resource_schema_constraints` VALUES ('sync_history', 'res:sync_config', 'name');
INSERT INTO `resource_schema_constraints` VALUES ('volume', 'res:cluster', 'name');
INSERT INTO `resource_schema_constraints` VALUES ('volume', 'res:project', 'name');
INSERT INTO `resource_schema_constraints` VALUES ('volume', 'res:space', 'name');
INSERT INTO `resource_schema_constraints` VALUES ('knamespace', 'res:project', 'name');
INSERT INTO `resource_schema_constraints` VALUES ('knamespace', 'res:cluster', 'name');
INSERT INTO `resource_schema_constraints` VALUES ('project', 'res:project', 'name');

INSERT INTO `architect_template` (`uuid`, `name`, `created_at`, `updated_at`) VALUES ('2d4cc683-ca96-4ee8-a4d2-1ebfb1ed63d9', 'base-template', '2017-11-24 15:33:58', '2017-11-24 15:33:58');
INSERT INTO `architect_template_item` (`template_uuid`, `id`, `name`, `required`, `depends_on`, `item_type`, `item_data`) VALUES ('2d4cc683-ca96-4ee8-a4d2-1ebfb1ed63d9', '1', '[name]-roles', '1', '[]', 'role', '{\"id\":1,\"required\":true,\"name\":\"[name]-roles\",\"dependsOn\":[],\"parents\":[],\"permissions\":[{\"actions\":[\"cluster_node:view\"],\"resource\":[\"*\"],\"constraints\":[{}]},{\"actions\":[\"application:*\"],\"resource\":[\"*\"],\"constraints\":[{\"res:project\":\"[name]\"}]},{\"actions\":[\"job_config:*\"],\"resource\":[\"*\"],\"constraints\":[{\"res:project\":\"[name]\"}]},{\"actions\":[\"ip:*\"],\"resource\":[\"*\"],\"constraints\":[{\"res:project\":\"[name]\"}]},{\"actions\":[\"build_history:*\"],\"resource\":[\"*\"],\"constraints\":[{\"res:project\":\"[name]\"}]},{\"actions\":[\"cloud_instance:*\"],\"resource\":[\"*\"],\"constraints\":[{}]},{\"actions\":[\"cloud_account:*\"],\"resource\":[\"*\"],\"constraints\":[{}]},{\"actions\":[\"registry:*\"],\"resource\":[\"*\"],\"constraints\":[{}]},{\"actions\":[\"job_history:*\"],\"resource\":[\"*\"],\"constraints\":[{}]},{\"actions\":[\"env_file:*\"],\"resource\":[\"*\"],\"constraints\":[{\"res:project\":\"[name]\"}]},{\"actions\":[\"application_template:*\"],\"resource\":[\"*\"],\"constraints\":[{\"res:project\":\"[name]\"}]},{\"actions\":[\"notification:*\"],\"resource\":[\"*\"],\"constraints\":[{}]},{\"actions\":[\"build_config:*\"],\"resource\":[\"*\"],\"constraints\":[{\"res:project\":\"[name]\"}]},{\"actions\":[\"subnet:*\"],\"resource\":[\"*\"],\"constraints\":[{\"res:project\":\"[name]\"}]},{\"actions\":[\"integration:*\"],\"resource\":[\"*\"],\"constraints\":[{}]},{\"actions\":[\"volume:*\"],\"resource\":[\"*\"],\"constraints\":[{\"res:project\":\"[name]\"}]},{\"actions\":[\"load_balancer:*\"],\"resource\":[\"*\"],\"constraints\":[{\"res:project\":\"[name]\"}]},{\"actions\":[\"cluster:view\"],\"resource\":[\"*\"],\"constraints\":[{}]},{\"actions\":[\"dashboard:*\"],\"resource\":[\"*\"],\"constraints\":[{\"res:project\":\"[name]\"}]},{\"actions\":[\"pipeline_task:*\"],\"resource\":[\"*\"],\"constraints\":[{\"res:project\":\"[name]\"}]},{\"actions\":[\"certificate:*\"],\"resource\":[\"*\"],\"constraints\":[{\"res:project\":\"[name]\"}]},{\"actions\":[\"sync_history:*\"],\"resource\":[\"*\"],\"constraints\":[{\"res:project\":\"[name]\"}]},{\"actions\":[\"repository:*\"],\"resource\":[\"*\"],\"constraints\":[{\"res:project\":\"[name]\"}]},{\"actions\":[\"configuration_file:*\"],\"resource\":[\"*\"],\"constraints\":[{\"res:project\":\"[name]\"}]},{\"actions\":[\"organization:view\"],\"resource\":[\"*\"],\"constraints\":[{}]},{\"actions\":[\"log_filter:*\"],\"resource\":[\"*\"],\"constraints\":[{}]},{\"actions\":[\"sync_config:*\"],\"resource\":[\"*\"],\"constraints\":[{\"res:project\":\"[name]\"}]},{\"actions\":[\"service:*\"],\"resource\":[\"*\"],\"constraints\":[{\"res:project\":\"[name]\"}]},{\"actions\":[\"alarm:*\"],\"resource\":[\"*\"],\"constraints\":[{\"res:project\":\"[name]\"}]},{\"actions\":[\"space:*\"],\"resource\":[\"*\"],\"constraints\":[{\"res:project\":\"[name]\"}]},{\"actions\":[\"pipeline_config:*\"],\"resource\":[\"*\"],\"constraints\":[{\"res:project\":\"[name]\"}]},{\"actions\":[\"registry_project:*\"],\"resource\":[\"*\"],\"constraints\":[{\"res:project\":\"[name]\"}]},{\"actions\":[\"dashboard_panel:*\"],\"resource\":[\"*\"],\"constraints\":[{\"res:project\":\"[name]\"}]},{\"actions\":[\"knamespace:view\"],\"resource\":[\"*\"],\"constraints\":[{\"res:project\":\"[name]\"}]},{\"actions\":[\"subaccount:view\"],\"resource\":[\"*\"],\"constraints\":[{}]},{\"actions\":[\"private_ip:*\"],\"resource\":[\"*\"],\"constraints\":[{\"res:project\":\"[name]\"}]},{\"actions\":[\"role:view\"],\"resource\":[\"*\"],\"constraints\":[{\"res:project\":\"[name]\"}]},{\"actions\":[\"project:view\"],\"resource\":[\"*\"],\"constraints\":[{\"res:project\":\"[name]\"}]},{\"actions\":[\"pipeline_history:*\"],\"resource\":[\"*\"],\"constraints\":[{\"res:project\":\"[name]\"}]},{\"actions\":[\"project_template:view\"],\"resource\":[\"*\"],\"constraints\":[{}]},{\"actions\":[\"zuul-config:view\"],\"resource\":[\"*\"],\"constraints\":[{}]},{\"actions\":[\"event:*\"],\"resource\":[\"*\"],\"constraints\":[{}]}]}');
